filepath,target,y_true,y_pred
/data/SONICS/echoes/New_Life_take_1_Bird_Names_stableaudio_TTA_001.mp3,0,0,0.01883
/data/SONICS/echoes/Новый_Нью-Йорк_2_Чокнутый_Пропеллер_udio_TTA_001.mp3,0,0,0.01758
/data/SONICS/echoes/Celia_Ergo_Phizmiz_acestep_TTA_001.mp3,0,0,0.01704
/data/SONICS/echoes/Nuo_Maisemat_Paavoharju_suno_TTA_001.mp3,0,0,0.013374
/data/SONICS/echoes/Convicted_Jazz_Drones_Malaventura_producer_TTA_001.mp3,0,0,0.01912
/data/SONICS/echoes/Five_40_DerbySlow_Whistle_The_Crypts_diffrhythm_TTA_001.mp3,0,0,0.01374
/data/SONICS/echoes/Evil_Cannot_Create_Caleb_Lemond_producer_TTA_001.mp3,0,0,0.01229
/data/SONICS/echoes/Redlight_Room_For_A_Ghost_stableaudio_TTA_001.mp3,0,0,0.01333
/data/SONICS/echoes/Aquamarine_My_Distant_Blue_Nihilore_suno_TTA_002.mp3,0,0,0.02052
/data/SONICS/echoes/Transmit_Lamprey_suno_TTA_001.mp3,0,0,0.01423
/data/SONICS/echoes/philcollins_takes_your_hand_Katapulto_udio_TTA_001.mp3,0,0,0.015305
/data/SONICS/echoes/Hisko_Detria_Hisko_Detria_acestep_TTA_001.mp3,0,0,0.01287
/data/SONICS/echoes/End_of_the_Line_H-LR_diffrhythm_ATA_001.mp3,0,0,0.0164
/data/SONICS/echoes/KOMFORT_voyageurs_producer_ATA_001.mp3,0,0,0.02182
/data/SONICS/echoes/Pista_Afuera_Epstein_diffrhythm_ATA_001.mp3,0,0,0.009674
/data/SONICS/echoes/Robot_Heart_Mystery_Mammal_suno_TTA_001.mp3,0,0,0.0183
/data/SONICS/echoes/Infinite_Light_Pipe_Choir_suno_TTA_002.mp3,0,0,0.02037
/data/SONICS/echoes/Westside_Chillers_Little_Glass_Men_diffrhythm_TTA_001.mp3,0,0,0.01297
/data/SONICS/echoes/Untitled_Fatal_Injection_diffrhythm_ATA_001.mp3,0,0,0.0164
/data/SONICS/echoes/I_Dream_So_Vividly_Uninhabitable_Mansions_suno_TTA_001.mp3,0,0,0.01567
/data/SONICS/echoes/Lackadaisical_Oh_Yeah_the_Future_producer_ATA_001.mp3,0,0,0.01178
/data/SONICS/echoes/Roland_Garros_2048_Zoliborz_udio_TTA_001.mp3,0,0,0.01869
/data/SONICS/echoes/Spanish_BEEEYYAAACHHH_Malaventura_producer_TTA_001.mp3,0,0,0.00923
/data/SONICS/echoes/Love_Dream_The_Zombie_Dandies_diffrhythm_TTA_001.mp3,0,0,0.0159
/data/SONICS/echoes/Empty_Pockets_Pete_Prodoehl_diffrhythm_ATA_001.mp3,0,0,0.01229
/data/SONICS/echoes/Seppuku_Bot_Decktonic_brev_TTA_002.mp3,0,0,0.01095
/data/SONICS/echoes/Paris_Fleslit_suno_TTA_002.mp3,0,0,0.012146
/data/SONICS/echoes/OOOTHERSIDE_-_Liquid_Paper_Mike_B._Fort_udio_TTA_001.mp3,0,0,0.0181
/data/SONICS/echoes/Wir_Werden_Gott_Japanische_Kampfhorspiele_diffrhythm_ATA_001.mp3,0,0,0.013374
/data/SONICS/echoes/Apparitions_Under_Glass_Sarin_stableaudio_TTA_001.mp3,0,0,0.0171
/data/SONICS/echoes/Where_Is_Everything_The_Moi_Non_Plus_diffrhythm_ATA_001.mp3,0,0,0.01764
/data/SONICS/echoes/Lackadaisical_Oh_Yeah_the_Future_udio_TTA_002.mp3,0,0,0.01201
/data/SONICS/echoes/Who_Loves_You_Dear_Mink_Lungs_producer_ATA_001.mp3,0,0,0.01263
/data/SONICS/echoes/The_Front_Yard_HarleyLikesMusic_udio_TTA_002.mp3,0,0,0.03085
/data/SONICS/echoes/Formic_Acid_for_Blood_Punk_Rock_Opera_mubert_TTA_001.mp3,0,0,0.01277
/data/SONICS/echoes/purity_danger_Katapulto_stableaudio_TTA_003.mp3,0,0,0.01738
/data/SONICS/echoes/50000_Volts_of_Democracy_mp3_Legally_Blind_acestep_TTA_001.mp3,0,0,0.01155
/data/SONICS/echoes/A_Different_World_By_Night_Nihilore_acestep_TTA_001.mp3,0,0,0.01348
/data/SONICS/echoes/Stockholm_Syndrome_People_Should_Be_More_Aware_Bird_Names_brev_TTA_001.mp3,0,0,0.05167
/data/SONICS/echoes/Celia_Ergo_Phizmiz_diffrhythm_ATA_001.mp3,0,0,0.01634
/data/SONICS/echoes/Monkeystage_Ergo_Phizmiz_producer_TTA_001.mp3,0,0,0.010735
/data/SONICS/echoes/John_the_Baby_Ergo_Phizmiz_stableaudio_TTA_001.mp3,0,0,0.015366
/data/SONICS/echoes/We_Are_Canucks_David_Blair_producer_ATA_001.mp3,0,0,0.012924
/data/SONICS/echoes/John_the_Baby_Ergo_Phizmiz_suno_TTA_001.mp3,0,0,0.01317
/data/SONICS/echoes/OOOTHERSIDE_-_This_Time_Mike_B._Fort_brev_TTA_001.mp3,0,0,0.0312
/data/SONICS/echoes/Wir_Werden_Gott_Japanische_Kampfhorspiele_acestep_TTA_001.mp3,0,0,0.01201
/data/SONICS/echoes/Ponky_McFonky_My_brother_Daniel_suno_TTA_001.mp3,0,0,0.03308
/data/SONICS/echoes/Okiirobo_Navigation_System_Henry_Homesweet_udio_TTA_001.mp3,0,0,0.013275
/data/SONICS/echoes/Windows_of_the_Skull_Sarin_brev_TTA_001.mp3,0,0,0.01525
/data/SONICS/echoes/Stranger_Frigg_A_Go_Go_F.A.G.G._brev_TTA_002.mp3,0,0,0.01086
/data/SONICS/echoes/New_Life_take_1_Bird_Names_suno_TTA_002.mp3,0,0,0.0192
/data/SONICS/echoes/Mountain_Mist_Modey_Lemon_diffrhythm_ATA_001.mp3,0,0,0.008514
/data/SONICS/echoes/One_Eyed_GhostThis_is_gonna_be_a_rough_show_The_Crypts_udio_TTA_001.mp3,0,0,0.01938
/data/SONICS/echoes/Music_For_an_Underground_Circu_Ergo_Phizmiz_mubert_TTA_001.mp3,0,0,0.01103
/data/SONICS/echoes/The_Contract_The_IMG_stableaudio_TTA_001.mp3,0,0,0.01744
/data/SONICS/echoes/Voxel_Andy_G._Cohen_brev_TTA_002.mp3,0,0,0.011505
/data/SONICS/echoes/Ohtli_Seclorance_suno_TTA_002.mp3,0,0,0.01178
/data/SONICS/echoes/Breeze_Funk_Malaventura_diffrhythm_TTA_001.mp3,0,0,0.03854
/data/SONICS/echoes/Fifth_Ramble_-_From_the_album_Keith_RSVP007_My_brother_Daniel_diffrhythm_ATA_001.mp3,0,0,0.02586
/data/SONICS/echoes/Night_Drive_Decktonic_suno_TTA_001.mp3,0,0,0.01312
/data/SONICS/echoes/Loved_Ones_Rowan_Box_acestep_TTA_001.mp3,0,0,0.02267
/data/SONICS/echoes/Autobahn_S-B-J_brev_TTA_002.mp3,0,0,0.01041
/data/SONICS/echoes/shmoove_epsilon_not_diffrhythm_TTA_001.mp3,0,0,0.01065
/data/SONICS/echoes/Stranger_Frigg_A_Go_Go_F.A.G.G._diffrhythm_ATA_001.mp3,0,0,0.01287
/data/SONICS/echoes/Paris_Fleslit_brev_TTA_001.mp3,0,0,0.009895
/data/SONICS/echoes/Three_Bird_My_brother_Daniel_diffrhythm_ATA_001.mp3,0,0,0.013275
/data/SONICS/echoes/Transmit_Lamprey_brev_TTA_001.mp3,0,0,0.01277
/data/SONICS/echoes/Reagan_Shut_Down_the_Asylums_Punk_Rock_Opera_diffrhythm_TTA_001.mp3,0,0,0.01859
/data/SONICS/echoes/Who_Loves_You_Dear_Mink_Lungs_brev_TTA_001.mp3,0,0,0.011375
/data/SONICS/echoes/kolorowe_wody_Katapulto_udio_TTA_001.mp3,0,0,0.01037
/data/SONICS/echoes/The_Coldest_Winter_Caleb_Lemond_acestep_TTA_001.mp3,0,0,0.02707
/data/SONICS/echoes/Formic_Acid_for_Blood_Punk_Rock_Opera_producer_ATA_001.mp3,0,0,0.012825
/data/SONICS/echoes/Sfogare_Il_Dissenso_Deiezione_HC_producer_TTA_001.mp3,0,0,0.01013
/data/SONICS/echoes/Fifth_Ramble_-_From_the_album_Keith_RSVP007_My_brother_Daniel_acestep_TTA_001.mp3,0,0,0.01578
/data/SONICS/echoes/Windows_of_the_Skull_Sarin_suno_TTA_001.mp3,0,0,0.010735
/data/SONICS/echoes/Rumble_Railkid_Station_diffrhythm_TTA_001.mp3,0,0,0.01129
/data/SONICS/echoes/Dont_want_to_be_your_man_Frigg_A_Go_Go_F.A.G.G._diffrhythm_TTA_001.mp3,0,0,0.01178
/data/SONICS/echoes/Fleslit_Fleslit_stableaudio_TTA_001.mp3,0,0,0.01359
/data/SONICS/echoes/Troubles_Ive_seen_Malaventura_stableaudio_TTA_001.mp3,0,0,0.02187
/data/SONICS/echoes/LIQUID_SKULLS_voyageurs_mubert_TTA_001.mp3,0,0,0.01187
/data/SONICS/echoes/Stockholm_Syndrome_People_Should_Be_More_Aware_Bird_Names_udio_TTA_001.mp3,0,0,0.011505
/data/SONICS/echoes/Motocross_Mania_Monroeville_Music_Center_mubert_TTA_001.mp3,0,0,0.0183
/data/SONICS/echoes/Resistentialism_Nihilore_brev_TTA_002.mp3,0,0,0.01253
/data/SONICS/echoes/Roland_Garros_2048_Zoliborz_producer_ATA_001.mp3,0,0,0.01277
/data/SONICS/echoes/Night_Owl_Broke_For_Free_udio_TTA_001.mp3,0,0,0.0223
/data/SONICS/echoes/Endless_The_Birth_and_Death_of_Silence_producer_TTA_001.mp3,0,0,0.02116
/data/SONICS/echoes/Spanish_BEEEYYAAACHHH_Malaventura_stableaudio_TTA_001.mp3,0,0,0.0159
/data/SONICS/echoes/Fear_Los_Fancy_Free_diffrhythm_ATA_001.mp3,0,0,0.01764
/data/SONICS/echoes/Moontime_The_IMG_diffrhythm_ATA_001.mp3,0,0,0.01634
/data/SONICS/echoes/Noam_Chomskys_Corporate_Carbohydrate_Surprise_Quelle_Fromage_diffrhythm_ATA_001.mp3,0,0,0.2355
/data/SONICS/echoes/Acoustic_Unleashed_Remain_mubert_TTA_001.mp3,0,0,0.00974
/data/SONICS/echoes/Track_04_Lightning_Bolt_diffrhythm_TTA_001.mp3,0,0,0.007637
/data/SONICS/echoes/When_I_Was_Taller_Dan_Deacon_suno_TTA_002.mp3,0,0,0.01423
/data/SONICS/echoes/You_Are_A_Monster_Monroeville_Music_Center_brev_TTA_001.mp3,0,0,0.024
/data/SONICS/echoes/Natron_Queen_AmortE_diffrhythm_TTA_001.mp3,0,0,0.03928
/data/SONICS/echoes/purity_danger_Katapulto_suno_TTA_002.mp3,0,0,0.01764
/data/SONICS/echoes/Night_Owl_Broke_For_Free_suno_TTA_002.mp3,0,0,0.01287
/data/SONICS/echoes/When_I_Was_Taller_Dan_Deacon_acestep_TTA_001.mp3,0,0,0.02065
/data/SONICS/echoes/Monkeystage_Ergo_Phizmiz_suno_TTA_002.mp3,0,0,0.01164
/data/SONICS/echoes/Endless_The_Birth_and_Death_of_Silence_mubert_TTA_001.mp3,0,0,0.01991
/data/SONICS/echoes/The_Stairway_WarpToken_diffrhythm_ATA_001.mp3,0,0,0.01238
/data/SONICS/echoes/I_Think_From_Now_On_Caleb_Lemond_brev_TTA_002.mp3,0,0,0.01238
/data/SONICS/echoes/SD_Ill_Mix_H-LR_brev_TTA_002.mp3,0,0,0.00902
/data/SONICS/echoes/Straw_Fields_Rolemusic_udio_TTA_001.mp3,0,0,0.01672
/data/SONICS/echoes/kolorowe_wody_Katapulto_suno_TTA_001.mp3,0,0,0.01628
/data/SONICS/echoes/Roundtrip_Oh_Yeah_the_Future_brev_TTA_002.mp3,0,0,0.01129
/data/SONICS/echoes/Hisko_Detria_Hisko_Detria_diffrhythm_ATA_001.mp3,0,0,0.01229
/data/SONICS/echoes/The_Reality_Machine_Monroeville_Music_Center_suno_TTA_001.mp3,0,0,0.0109
/data/SONICS/echoes/Who_Loves_You_Dear_Mink_Lungs_udio_TTA_001.mp3,0,0,0.009056
/data/SONICS/echoes/Vanishing_Horizon_Jason_Shaw_diffrhythm_TTA_001.mp3,0,0,0.02443
/data/SONICS/echoes/I_Think_From_Now_On_Caleb_Lemond_brev_TTA_001.mp3,0,0,0.01374
/data/SONICS/echoes/Cold_Chains_Rolemusic_suno_TTA_002.mp3,0,0,0.01423
/data/SONICS/echoes/The_Cave_of_Time_Monroeville_Music_Center_producer_TTA_001.mp3,0,0,0.01257
/data/SONICS/echoes/Robocall_Legally_Blind_brev_TTA_002.mp3,0,0,0.011734
/data/SONICS/echoes/Five_40_DerbySlow_Whistle_The_Crypts_stableaudio_TTA_001.mp3,0,0,0.02263
/data/SONICS/echoes/And_Over_The_Rainbows_milky-chu_diffrhythm_ATA_001.mp3,0,0,0.01456
/data/SONICS/echoes/Ponky_McFonky_My_brother_Daniel_brev_TTA_002.mp3,0,0,0.02007
/data/SONICS/echoes/mystery_team_2090_Jesse_Futerman_brev_TTA_002.mp3,0,0,0.01473
/data/SONICS/echoes/Forest_Silence_Serpentarivm_diffrhythm_ATA_001.mp3,0,0,0.015015
/data/SONICS/echoes/Empty_Pockets_Pete_Prodoehl_brev_TTA_001.mp3,0,0,0.01785
/data/SONICS/echoes/Formic_Acid_for_Blood_Punk_Rock_Opera_diffrhythm_ATA_001.mp3,0,0,0.02686
/data/SONICS/echoes/Snakefirewalking_Los_Llamarada_suno_TTA_001.mp3,0,0,0.01107
/data/SONICS/echoes/We_Move_in_Waves_Modey_Lemon_brev_TTA_002.mp3,0,0,0.01359
/data/SONICS/echoes/The_girl_just_faded_Los_Llamarada_diffrhythm_ATA_001.mp3,0,0,0.0161
/data/SONICS/echoes/Snowday_Oh_Yeah_the_Future_diffrhythm_TTA_001.mp3,0,0,0.01456
/data/SONICS/echoes/Empty_Pockets_Pete_Prodoehl_producer_TTA_001.mp3,0,0,0.01187
/data/SONICS/echoes/Enemy_Modey_Lemon_diffrhythm_TTA_001.mp3,0,0,0.01029
/data/SONICS/echoes/Johnny_I_Lie_The_Moi_Non_Plus_suno_TTA_001.mp3,0,0,0.01348
/data/SONICS/echoes/Burn_Room_For_A_Ghost_diffrhythm_ATA_001.mp3,0,0,0.0183
/data/SONICS/echoes/Slot_Neotnas_diffrhythm_TTA_001.mp3,0,0,0.01467
/data/SONICS/echoes/Voxel_Andy_G._Cohen_brev_TTA_001.mp3,0,0,0.01628
/data/SONICS/echoes/Empty_Pockets_Pete_Prodoehl_suno_TTA_001.mp3,0,0,0.0201
/data/SONICS/echoes/Night_Drive_Decktonic_udio_TTA_002.mp3,0,0,0.01201
/data/SONICS/echoes/First_Glance_Oh_Yeah_the_Future_producer_TTA_001.mp3,0,0,0.00923
/data/SONICS/echoes/Something_Dirty_Ergo_Phizmiz_suno_TTA_001.mp3,0,0,0.0139
/data/SONICS/echoes/Head_of_Ancante_Talking_Tree_Akchamel_The_Giver_of_Illness_suno_TTA_001.mp3,0,0,0.01078
/data/SONICS/echoes/Dont_want_to_be_your_man_Frigg_A_Go_Go_F.A.G.G._stableaudio_TTA_001.mp3,0,0,0.02475
/data/SONICS/echoes/Track_04_Lightning_Bolt_udio_TTA_001.mp3,0,0,0.01086
/data/SONICS/echoes/End_titles_Itsensäsyöjät_diffrhythm_ATA_001.mp3,0,0,0.011826
/data/SONICS/echoes/Sonzis_FM_Pipe_Choir_diffrhythm_ATA_001.mp3,0,0,0.0542
/data/SONICS/echoes/Lets_the_kids_play_Malaventura_diffrhythm_TTA_001.mp3,0,0,0.01359
/data/SONICS/echoes/Okiirobo_Navigation_System_Henry_Homesweet_diffrhythm_TTA_001.mp3,0,0,0.01837
/data/SONICS/echoes/Scramby_Eggs_Andy_G._Cohen_brev_TTA_002.mp3,0,0,0.01525
/data/SONICS/echoes/CopperNickle_UncleBibby_brev_TTA_002.mp3,0,0,0.01169
/data/SONICS/echoes/The_Adventures_Of_Roderick_Random_Maps_And_Diagrams_diffrhythm_ATA_001.mp3,0,0,0.01049
/data/SONICS/echoes/Soul_of_the_Demon_Zombie_Raiders_udio_TTA_001.mp3,0,0,0.01095
/data/SONICS/echoes/Busby_Berkeley_Ergo_Phizmiz_mubert_TTA_001.mp3,0,0,0.02457
/data/SONICS/echoes/Moontime_The_IMG_diffrhythm_TTA_001.mp3,0,0,0.01554
/data/SONICS/echoes/The_Stairway_WarpToken_diffrhythm_TTA_001.mp3,0,0,0.014336
/data/SONICS/echoes/Mountain_Mist_Modey_Lemon_udio_TTA_001.mp3,0,0,0.01253
/data/SONICS/echoes/Mettle_Pipe_Choir_brev_TTA_001.mp3,0,0,0.012054
/data/SONICS/echoes/Shipwrecked_Crew_Pete_Prodoehl_diffrhythm_ATA_001.mp3,0,0,0.01333
/data/SONICS/echoes/I_Inflammator_diffrhythm_ATA_001.mp3,0,0,0.015076
/data/SONICS/echoes/Edge_Mystery_Mammal_producer_TTA_001.mp3,0,0,0.01041
/data/SONICS/echoes/Fuckaboing_RoccoW_udio_TTA_001.mp3,0,0,0.964
/data/SONICS/echoes/danse_macabre_Katapulto_udio_TTA_001.mp3,0,0,0.0313
/data/SONICS/echoes/Robocall_Legally_Blind_udio_TTA_002.mp3,0,0,0.0205
/data/SONICS/echoes/Ad_Astra_P_C_III_producer_ATA_001.mp3,0,0,0.01385
/data/SONICS/echoes/Johnny_I_Lie_The_Moi_Non_Plus_brev_TTA_002.mp3,0,0,0.02855
/data/SONICS/echoes/First_Glance_Oh_Yeah_the_Future_stableaudio_TTA_001.mp3,0,0,0.01423
/data/SONICS/echoes/Lovedreams_Oh_Yeah_the_Future_brev_TTA_002.mp3,0,0,0.01107
/data/SONICS/echoes/Wir_Werden_Gott_Japanische_Kampfhorspiele_diffrhythm_TTA_001.mp3,0,0,0.01596
/data/SONICS/echoes/The_plot_Malaventura_udio_TTA_001.mp3,0,0,0.02971
/data/SONICS/echoes/Hammer_and_a_Nail_Vienna_Ditto_brev_TTA_002.mp3,0,0,0.01473
/data/SONICS/echoes/The_Reality_Machine_Monroeville_Music_Center_suno_TTA_002.mp3,0,0,0.01374
/data/SONICS/echoes/Wir_Werden_Gott_Japanische_Kampfhorspiele_suno_TTA_002.mp3,0,0,0.01456
/data/SONICS/echoes/Ynkelig_Die_Morgendammerung_Des_Valhalla_brev_TTA_001.mp3,0,0,0.0183
/data/SONICS/echoes/Snakefirewalking_Los_Llamarada_diffrhythm_ATA_001.mp3,0,0,0.014114
/data/SONICS/echoes/Take_Your_Fingers_Michael_Fakesch_producer_ATA_001.mp3,0,0,0.007786
/data/SONICS/echoes/I_Know_His_Blood_Vienna_Ditto_diffrhythm_ATA_001.mp3,0,0,0.01086
/data/SONICS/echoes/Understand_That_This_Is_A_Dream_-_From_the_album_Modulating_Coil_RSVP008_Forrest_James_diffrhythm_TTA_001.mp3,0,0,0.01685
/data/SONICS/echoes/Bergwald_Bergwald_Every_Now_and_Every_Then_diffrhythm_ATA_001.mp3,0,0,0.04053
/data/SONICS/echoes/kolorowe_wody_Katapulto_diffrhythm_ATA_001.mp3,0,0,0.00835
/data/SONICS/echoes/Sfogare_Il_Dissenso_Deiezione_HC_udio_TTA_002.mp3,0,0,0.011375
/data/SONICS/echoes/Terve_Teille_Чокнутый_Пропеллер_diffrhythm_ATA_001.mp3,0,0,0.03038
/data/SONICS/echoes/Night_Owl_Broke_For_Free_producer_ATA_001.mp3,0,0,0.01196
/data/SONICS/echoes/Ugh_Humans_Can_Join_Mystery_Mammal_suno_TTA_002.mp3,0,0,0.01297
/data/SONICS/echoes/Reagan_Shut_Down_the_Asylums_Punk_Rock_Opera_stableaudio_TTA_001.mp3,0,0,0.01718
/data/SONICS/echoes/OOOTHERSIDE_-_This_Time_Mike_B._Fort_diffrhythm_TTA_001.mp3,0,0,0.01752
/data/SONICS/echoes/Ohtli_Seclorance_stableaudio_TTA_001.mp3,0,0,0.02225
/data/SONICS/echoes/Acoustic_Unleashed_Remain_acestep_TTA_001.mp3,0,0,0.01578
/data/SONICS/echoes/Robot_Heart_Mystery_Mammal_acestep_TTA_001.mp3,0,0,0.01169
/data/SONICS/echoes/The_Contract_The_IMG_diffrhythm_TTA_001.mp3,0,0,0.01718
/data/SONICS/echoes/One_Eyed_GhostThis_is_gonna_be_a_rough_show_The_Crypts_producer_ATA_001.mp3,0,0,0.01369
/data/SONICS/echoes/Motocross_Mania_Monroeville_Music_Center_udio_TTA_002.mp3,0,0,0.009125
/data/SONICS/echoes/Coliidae_K.D._Expression_suno_TTA_002.mp3,0,0,0.02347
/data/SONICS/echoes/Kissing_Scars_Caleb_Lemond_suno_TTA_002.mp3,0,0,0.014336
/data/SONICS/echoes/March_of_the_GPA_Mechanics_tghost_brev_TTA_002.mp3,0,0,0.00934
/data/SONICS/echoes/Ad_Astra_P_C_III_diffrhythm_ATA_001.mp3,0,0,0.04913
/data/SONICS/echoes/Who_Loves_You_Dear_Mink_Lungs_udio_TTA_002.mp3,0,0,0.0201
/data/SONICS/echoes/Space_is_my_pace_Malaventura_stableaudio_TTA_001.mp3,0,0,0.01142
/data/SONICS/echoes/Understand_That_This_Is_A_Dream_-_From_the_album_Modulating_Coil_RSVP008_Forrest_James_diffrhythm_ATA_001.mp3,0,0,0.01129
/data/SONICS/echoes/Lost_Paradise_Autumn_Interlude_producer_ATA_001.mp3,0,0,0.01862
/data/SONICS/echoes/Coliidae_K.D._Expression_brev_TTA_001.mp3,0,0,0.0195
/data/SONICS/echoes/Voxel_Andy_G._Cohen_producer_ATA_001.mp3,0,0,0.01317
/data/SONICS/echoes/Celia_Ergo_Phizmiz_suno_TTA_002.mp3,0,0,0.01257
/data/SONICS/echoes/Noam_Chomskys_Corporate_Carbohydrate_Surprise_Quelle_Fromage_producer_ATA_001.mp3,0,0,0.02396
/data/SONICS/echoes/Endless_The_Birth_and_Death_of_Silence_suno_TTA_002.mp3,0,0,0.009056
/data/SONICS/echoes/I_Dream_So_Vividly_Uninhabitable_Mansions_diffrhythm_ATA_001.mp3,0,0,0.008156
/data/SONICS/echoes/Crossing_Los_Llamarada_diffrhythm_ATA_001.mp3,0,0,0.02109
/data/SONICS/echoes/Empower_Thee_vargero_udio_TTA_001.mp3,0,0,0.014175
/data/SONICS/echoes/Hammer_and_a_Nail_Vienna_Ditto_stableaudio_TTA_001.mp3,0,0,0.010735
/data/SONICS/echoes/Ynkelig_Die_Morgendammerung_Des_Valhalla_stableaudio_TTA_001.mp3,0,0,0.01704
/data/SONICS/echoes/The_Reality_Machine_Monroeville_Music_Center_mubert_TTA_001.mp3,0,0,0.012146
/data/SONICS/echoes/The_girl_just_faded_Los_Llamarada_producer_ATA_001.mp3,0,0,0.01785
/data/SONICS/echoes/Ad_Astra_P_C_III_mubert_TTA_001.mp3,0,0,0.08417
/data/SONICS/echoes/Only_Instrumental_Broke_For_Free_mubert_TTA_001.mp3,0,0,0.01554
/data/SONICS/echoes/Stranger_Frigg_A_Go_Go_F.A.G.G._diffrhythm_TTA_001.mp3,0,0,0.02556
/data/SONICS/echoes/Rumble_Railkid_Station_acestep_TTA_001.mp3,0,0,0.01758
/data/SONICS/echoes/The_girl_just_faded_Los_Llamarada_suno_TTA_001.mp3,0,0,0.01103
/data/SONICS/echoes/Different_Day_First_brev_TTA_002.mp3,0,0,0.01267
/data/SONICS/echoes/Resistentialism_Nihilore_producer_TTA_001.mp3,0,0,0.0263
/data/SONICS/echoes/The_Race_Forever_Monroeville_Music_Center_stableaudio_TTA_001.mp3,0,0,0.01243
/data/SONICS/echoes/Crossing_Los_Llamarada_producer_TTA_001.mp3,0,0,0.0206
/data/SONICS/echoes/mc_trabalenguas_Volumina_mubert_TTA_001.mp3,0,0,0.01169
/data/SONICS/echoes/Outro_Caleb_Lemond_diffrhythm_TTA_001.mp3,0,0,0.013275
/data/SONICS/echoes/November_25_2007_Kenneth_Kirschner_diffrhythm_ATA_002.mp3,0,0,0.02443
/data/SONICS/echoes/Only_Instrumental_Broke_For_Free_suno_TTA_002.mp3,0,0,0.01363
/data/SONICS/echoes/I_Inflammator_suno_TTA_002.mp3,0,0,0.0189
/data/SONICS/echoes/The_Reality_Machine_Monroeville_Music_Center_brev_TTA_001.mp3,0,0,0.01243
/data/SONICS/echoes/Improvisation_Broken_Chord_stableaudio_TTA_001.mp3,0,0,0.01917
/data/SONICS/echoes/Clay_Heart_Nihilore_producer_TTA_001.mp3,0,0,0.01297
/data/SONICS/echoes/Robot_Heart_Mystery_Mammal_suno_TTA_002.mp3,0,0,0.015366
/data/SONICS/echoes/Gila_Monster_FlopMusic_History_LessonThe_Sonics_The_Crypts_acestep_TTA_001.mp3,0,0,0.01554
/data/SONICS/echoes/Dr._Bodysnatcher_Modey_Lemon_acestep_TTA_001.mp3,0,0,0.01302
/data/SONICS/echoes/All_of_Us_Eric_Skiff_diffrhythm_TTA_001.mp3,0,0,0.0139
/data/SONICS/echoes/She_Works_Tepid_Waters_Bird_Names_producer_ATA_001.mp3,0,0,0.011116
/data/SONICS/echoes/KOMFORT_voyageurs_mubert_TTA_001.mp3,0,0,0.0192
/data/SONICS/echoes/Breathe_New_Life_Scott_Holmes_diffrhythm_ATA_001.mp3,0,0,0.012825
/data/SONICS/echoes/Formic_Acid_for_Blood_Punk_Rock_Opera_diffrhythm_TTA_001.mp3,0,0,0.04733
/data/SONICS/echoes/Ad_Astra_P_C_III_suno_TTA_001.mp3,0,0,0.01359
/data/SONICS/echoes/Dance_Harder_Three_Chain_Links_suno_TTA_001.mp3,0,0,0.01297
/data/SONICS/echoes/Aquamarine_My_Distant_Blue_Nihilore_stableaudio_TTA_001.mp3,0,0,0.011116
/data/SONICS/echoes/Lost_Paradise_Autumn_Interlude_diffrhythm_ATA_001.mp3,0,0,0.02753
/data/SONICS/echoes/Introduction_beats_Itsensäsyöjät_mubert_TTA_001.mp3,0,0,0.01445
/data/SONICS/echoes/Westside_Chillers_Little_Glass_Men_diffrhythm_ATA_001.mp3,0,0,0.012825
/data/SONICS/echoes/Ugh_Humans_Can_Join_Mystery_Mammal_brev_TTA_002.mp3,0,0,0.01187
/data/SONICS/echoes/Solearesbeats_Malaventura_suno_TTA_001.mp3,0,0,0.01147
/data/SONICS/echoes/Lovedreams_Oh_Yeah_the_Future_diffrhythm_ATA_001.mp3,0,0,0.02237
/data/SONICS/echoes/Introduction_beats_Itsensäsyöjät_brev_TTA_002.mp3,0,0,0.012054
/data/SONICS/echoes/Cold_Chains_Rolemusic_diffrhythm_ATA_001.mp3,0,0,0.03056
/data/SONICS/echoes/Nuo_Maisemat_Paavoharju_diffrhythm_ATA_001.mp3,0,0,0.0121
/data/SONICS/echoes/A_Lady_In_Red_With_A_Plan_To_Steal_Did_You_Just_Hex_Me_diffrhythm_ATA_001.mp3,0,0,0.02112
/data/SONICS/echoes/mc_trabalenguas_Volumina_brev_TTA_002.mp3,0,0,0.01147
/data/SONICS/echoes/Resistentialism_Nihilore_udio_TTA_001.mp3,0,0,0.0184
/data/SONICS/echoes/I_Inflammator_producer_TTA_001.mp3,0,0,0.01484
/data/SONICS/echoes/Time_Is_Love_Silence_is_full_of_birds_diffrhythm_ATA_001.mp3,0,0,0.0107
/data/SONICS/echoes/Daylight_Savings_My_brother_Daniel_producer_TTA_001.mp3,0,0,0.01287
/data/SONICS/echoes/Millitary_Industrial_Complex_Punk_Rock_Opera_suno_TTA_002.mp3,0,0,0.01257
/data/SONICS/echoes/Coliidae_K.D._Expression_diffrhythm_TTA_001.mp3,0,0,0.01107
/data/SONICS/echoes/The_girl_just_faded_Los_Llamarada_udio_TTA_002.mp3,0,0,0.02136
/data/SONICS/echoes/Endless_The_Birth_and_Death_of_Silence_brev_TTA_001.mp3,0,0,0.013275
/data/SONICS/echoes/Different_Day_First_udio_TTA_001.mp3,0,0,0.01698
/data/SONICS/echoes/mystery_team_2090_Jesse_Futerman_mubert_TTA_001.mp3,0,0,0.015305
/data/SONICS/echoes/New_Brave_Face_Oh_Yeah_the_Future_stableaudio_TTA_003.mp3,0,0,0.0538
/data/SONICS/echoes/Snowday_Oh_Yeah_the_Future_acestep_TTA_001.mp3,0,0,0.02542
/data/SONICS/echoes/danse_macabre_Katapulto_acestep_TTA_001.mp3,0,0,0.805
/data/SONICS/echoes/Realize_Me_Jim_Rooster_diffrhythm_ATA_001.mp3,0,0,0.0109
/data/SONICS/echoes/Ponky_McFonky_My_brother_Daniel_stableaudio_TTA_001.mp3,0,0,0.01333
/data/SONICS/echoes/2_Wasnt_There_Isle_of_Pine_mubert_TTA_001.mp3,0,0,0.01602
/data/SONICS/echoes/Windows_of_the_Skull_Sarin_suno_TTA_002.mp3,0,0,0.008156
/data/SONICS/echoes/One_Eyed_GhostThis_is_gonna_be_a_rough_show_The_Crypts_diffrhythm_TTA_001.mp3,0,0,0.03683
/data/SONICS/echoes/Fuckaboing_RoccoW_diffrhythm_ATA_001.mp3,0,0,0.01155
/data/SONICS/echoes/Stranger_Frigg_A_Go_Go_F.A.G.G._producer_ATA_001.mp3,0,0,0.02034
/data/SONICS/echoes/Something_Dirty_Ergo_Phizmiz_producer_ATA_001.mp3,0,0,0.013794
/data/SONICS/echoes/Ad_Astra_P_C_III_udio_TTA_002.mp3,0,0,0.03482
/data/SONICS/echoes/Shadow_Government_Bird_Names_stableaudio_TTA_001.mp3,0,0,0.01133
/data/SONICS/echoes/Resistentialism_Nihilore_diffrhythm_TTA_001.mp3,0,0,0.008095
/data/SONICS/echoes/Timen_Passing_By_Jason_Shaw_diffrhythm_ATA_001.mp3,0,0,0.01307
/data/SONICS/echoes/Terve_Teille_Чокнутый_Пропеллер_udio_TTA_001.mp3,0,0,0.01484
/data/SONICS/echoes/Introduction_beats_Itsensäsyöjät_diffrhythm_ATA_001.mp3,0,0,0.01297
/data/SONICS/echoes/Black_Panda_The_Crypts_acestep_TTA_001.mp3,0,0,0.01646
/data/SONICS/echoes/gospellioza_Katapulto_suno_TTA_001.mp3,0,0,0.01219
/data/SONICS/echoes/Ponky_McFonky_My_brother_Daniel_diffrhythm_ATA_001.mp3,0,0,0.0096
/data/SONICS/echoes/Norweigian_Wood_II_Bird_Names_producer_ATA_001.mp3,0,0,0.01312
/data/SONICS/echoes/New_Life_take_1_Bird_Names_producer_TTA_001.mp3,0,0,0.01724
/data/SONICS/echoes/I_Inflammator_mubert_TTA_001.mp3,0,0,0.0139
/data/SONICS/echoes/Monkeystage_Ergo_Phizmiz_stableaudio_TTA_001.mp3,0,0,0.00997
/data/SONICS/echoes/Something_Dirty_Ergo_Phizmiz_brev_TTA_002.mp3,0,0,0.01628
/data/SONICS/echoes/The_Dream_and_the_Dreamer_Caleb_Lemond_suno_TTA_001.mp3,0,0,0.01322
/data/SONICS/echoes/Rolling_On_Avaren_diffrhythm_TTA_001.mp3,0,0,0.02022
/data/SONICS/echoes/Flashback_Seclorance_acestep_TTA_001.mp3,0,0,0.013794
/data/SONICS/echoes/Новый_Нью-Йорк_2_Чокнутый_Пропеллер_brev_TTA_001.mp3,0,0,0.01201
/data/SONICS/echoes/The_Adventures_Of_Roderick_Random_Maps_And_Diagrams_diffrhythm_TTA_001.mp3,0,0,0.02954
/data/SONICS/echoes/Clay_Heart_Nihilore_suno_TTA_001.mp3,0,0,0.01519
/data/SONICS/echoes/Autobahn_S-B-J_diffrhythm_ATA_001.mp3,0,0,0.01224
/data/SONICS/echoes/2_Wasnt_There_Isle_of_Pine_udio_TTA_002.mp3,0,0,0.01196
/data/SONICS/echoes/Three_Bird_My_brother_Daniel_diffrhythm_TTA_001.mp3,0,0,0.01201
/data/SONICS/echoes/Terve_Teille_Чокнутый_Пропеллер_brev_TTA_001.mp3,0,0,0.01086
/data/SONICS/echoes/Tapes_Gumbel_udio_TTA_001.mp3,0,0,0.01462
/data/SONICS/echoes/В_Наших_Сердцах_Чокнутый_Пропеллер_stableaudio_TTA_002.mp3,0,0,0.01107
/data/SONICS/echoes/Busby_Berkeley_Ergo_Phizmiz_brev_TTA_001.mp3,0,0,0.009674
/data/SONICS/echoes/CopperNickle_UncleBibby_brev_TTA_001.mp3,0,0,0.00971
/data/SONICS/echoes/Stockholm_Syndrome_People_Should_Be_More_Aware_Bird_Names_mubert_TTA_001.mp3,0,0,0.01263
/data/SONICS/echoes/March_of_the_GPA_Mechanics_tghost_udio_TTA_002.mp3,0,0,0.01764
/data/SONICS/echoes/One_Eyed_GhostThis_is_gonna_be_a_rough_show_The_Crypts_stableaudio_TTA_001.mp3,0,0,0.00902
/data/SONICS/echoes/Ugh_Humans_Can_Join_Mystery_Mammal_udio_TTA_002.mp3,0,0,0.01359
/data/SONICS/echoes/Lovedreams_Oh_Yeah_the_Future_brev_TTA_001.mp3,0,0,0.00978
/data/SONICS/echoes/Attention_Pete_Prodoehl_suno_TTA_002.mp3,0,0,0.01234
/data/SONICS/echoes/The_Race_Forever_Monroeville_Music_Center_acestep_TTA_001.mp3,0,0,0.01724
/data/SONICS/echoes/Clay_Heart_Nihilore_udio_TTA_001.mp3,0,0,0.01744
/data/SONICS/echoes/Head_of_Ancante_Talking_Tree_Akchamel_The_Giver_of_Illness_producer_ATA_001.mp3,0,0,0.00986
/data/SONICS/echoes/The_Race_Forever_Monroeville_Music_Center_brev_TTA_002.mp3,0,0,0.01257
/data/SONICS/echoes/Nature_Is_Over_Defined_Bird_Names_suno_TTA_002.mp3,0,0,0.01646
/data/SONICS/echoes/Ynkelig_Die_Morgendammerung_Des_Valhalla_mubert_TTA_001.mp3,0,0,0.01348
/data/SONICS/echoes/Breeze_Funk_Malaventura_brev_TTA_002.mp3,0,0,0.0096
/data/SONICS/echoes/Running_Free_Michett_featuring_Kalipluche_producer_TTA_001.mp3,0,0,0.00952
/data/SONICS/echoes/Norweigian_Wood_II_Bird_Names_udio_TTA_002.mp3,0,0,0.01428
/data/SONICS/echoes/We_Are_Canucks_David_Blair_udio_TTA_002.mp3,0,0,0.011246
/data/SONICS/echoes/Breeze_Funk_Malaventura_suno_TTA_001.mp3,0,0,0.01013
/data/SONICS/echoes/Hungry_Oh_Yeah_the_Future_brev_TTA_001.mp3,0,0,0.01196
/data/SONICS/echoes/OOOTHERSIDE_-_This_Time_Mike_B._Fort_suno_TTA_002.mp3,0,0,0.0225
/data/SONICS/echoes/Norweigian_Wood_II_Bird_Names_brev_TTA_001.mp3,0,0,0.01456
/data/SONICS/echoes/danse_macabre_Katapulto_suno_TTA_001.mp3,0,0,0.05023
/data/SONICS/echoes/CopperNickle_UncleBibby_suno_TTA_002.mp3,0,0,0.01041
/data/SONICS/echoes/Music_For_an_Underground_Circu_Ergo_Phizmiz_brev_TTA_002.mp3,0,0,0.01572
/data/SONICS/echoes/Killing_Bosses_Gumbel_acestep_TTA_001.mp3,0,0,0.01155
/data/SONICS/echoes/Running_Free_Michett_featuring_Kalipluche_producer_ATA_001.mp3,0,0,0.01116
/data/SONICS/echoes/We_Misplaced_A_Cobra_In_the_Uninhabitable_Mansions_Uninhabitable_Mansions_acestep_TTA_001.mp3,0,0,0.02045
/data/SONICS/echoes/Snakefirewalking_Los_Llamarada_udio_TTA_001.mp3,0,0,0.02017
/data/SONICS/echoes/Flashback_Seclorance_producer_ATA_001.mp3,0,0,0.0107
/data/SONICS/echoes/WET_DREAMS_voyageurs_diffrhythm_ATA_001.mp3,0,0,0.01987
/data/SONICS/echoes/Breeze_Funk_Malaventura_diffrhythm_ATA_001.mp3,0,0,0.02089
/data/SONICS/echoes/LIQUID_SKULLS_voyageurs_suno_TTA_002.mp3,0,0,0.012825
/data/SONICS/echoes/Monkeystage_Ergo_Phizmiz_suno_TTA_001.mp3,0,0,0.01584
/data/SONICS/echoes/OOOTHERSIDE_-_Liquid_Paper_Mike_B._Fort_mubert_TTA_001.mp3,0,0,0.0112
/data/SONICS/echoes/Monkeystage_Ergo_Phizmiz_diffrhythm_ATA_001.mp3,0,0,0.01263
/data/SONICS/echoes/Robocall_Legally_Blind_producer_ATA_001.mp3,0,0,0.00997
/data/SONICS/echoes/I_Dream_So_Vividly_Uninhabitable_Mansions_suno_TTA_002.mp3,0,0,0.00909
/data/SONICS/echoes/Hungry_Oh_Yeah_the_Future_suno_TTA_002.mp3,0,0,0.01738
/data/SONICS/echoes/Mettle_Pipe_Choir_acestep_TTA_001.mp3,0,0,0.7817
/data/SONICS/echoes/Head_of_Ancante_Talking_Tree_Akchamel_The_Giver_of_Illness_producer_TTA_001.mp3,0,0,0.01764
/data/SONICS/echoes/Empower_Thee_vargero_producer_TTA_001.mp3,0,0,0.011246
/data/SONICS/echoes/Endless_The_Birth_and_Death_of_Silence_stableaudio_TTA_001.mp3,0,0,0.012924
/data/SONICS/echoes/kolorowe_wody_Katapulto_brev_TTA_002.mp3,0,0,0.01343
/data/SONICS/echoes/The_Front_Yard_HarleyLikesMusic_producer_TTA_001.mp3,0,0,0.00982
/data/SONICS/echoes/Natron_Queen_AmortE_diffrhythm_ATA_001.mp3,0,0,0.0494
/data/SONICS/echoes/Food_and_War_Ergo_Phizmiz_suno_TTA_001.mp3,0,0,0.015366
/data/SONICS/echoes/LIQUID_SKULLS_voyageurs_producer_ATA_001.mp3,0,0,0.01169
/data/SONICS/echoes/Seppuku_Bot_Decktonic_udio_TTA_001.mp3,0,0,0.012146
/data/SONICS/echoes/Norweigian_Wood_II_Bird_Names_brev_TTA_002.mp3,0,0,0.02484
/data/SONICS/echoes/Snakefirewalking_Los_Llamarada_mubert_TTA_001.mp3,0,0,0.01428
/data/SONICS/echoes/Love_Dream_The_Zombie_Dandies_udio_TTA_001.mp3,0,0,0.0346
/data/SONICS/echoes/Lets_the_kids_play_Malaventura_stableaudio_TTA_001.mp3,0,0,0.012054
/data/SONICS/echoes/OOOTHERSIDE_-_This_Time_Mike_B._Fort_brev_TTA_002.mp3,0,0,0.0112
/data/SONICS/echoes/New_Life_take_1_Bird_Names_diffrhythm_ATA_001.mp3,0,0,0.01659
/data/SONICS/echoes/Busby_Berkeley_Ergo_Phizmiz_udio_TTA_002.mp3,0,0,0.01257
/data/SONICS/echoes/Breathe_New_Life_Scott_Holmes_diffrhythm_TTA_001.mp3,0,0,0.01257
/data/SONICS/echoes/The_Secret_Garden_Barbarix_diffrhythm_ATA_001.mp3,0,0,0.01238
/data/SONICS/echoes/Attention_Pete_Prodoehl_brev_TTA_002.mp3,0,0,0.013535
/data/SONICS/echoes/Convicted_Jazz_Drones_Malaventura_stableaudio_TTA_001.mp3,0,0,0.01317
/data/SONICS/echoes/Gila_Monster_FlopMusic_History_LessonThe_Sonics_The_Crypts_brev_TTA_001.mp3,0,0,0.01009
/data/SONICS/echoes/Niche_Dreams_Square_People_diffrhythm_ATA_001.mp3,0,0,0.01359
/data/SONICS/echoes/Pista_Afuera_Epstein_brev_TTA_002.mp3,0,0,0.02881
/data/SONICS/echoes/Lackadaisical_Oh_Yeah_the_Future_mubert_TTA_001.mp3,0,0,0.01752
/data/SONICS/echoes/Windows_of_the_Skull_Sarin_diffrhythm_ATA_001.mp3,0,0,0.01764
/data/SONICS/echoes/Colossal_Stillness_Scott_Holmes_udio_TTA_002.mp3,0,0,0.01049
/data/SONICS/echoes/I_Know_His_Blood_Vienna_Ditto_diffrhythm_TTA_001.mp3,0,0,0.012726
/data/SONICS/echoes/mc_trabalenguas_Volumina_udio_TTA_002.mp3,0,0,0.02165
/data/SONICS/echoes/Transmit_Lamprey_mubert_TTA_001.mp3,0,0,0.01017
/data/SONICS/echoes/Evil_Cannot_Create_Caleb_Lemond_brev_TTA_002.mp3,0,0,0.01484
/data/SONICS/echoes/The_Contract_The_IMG_suno_TTA_001.mp3,0,0,0.0109
/data/SONICS/echoes/danse_macabre_Katapulto_brev_TTA_001.mp3,0,0,0.01267
/data/SONICS/echoes/The_Courtyard_Uncle_Bibby_brev_TTA_002.mp3,0,0,0.014175
/data/SONICS/echoes/Voxel_Andy_G._Cohen_producer_TTA_001.mp3,0,0,0.01628
/data/SONICS/echoes/Ponky_McFonky_My_brother_Daniel_diffrhythm_TTA_001.mp3,0,0,0.01267
/data/SONICS/echoes/Snakefirewalking_Los_Llamarada_diffrhythm_TTA_001.mp3,0,0,0.01445
/data/SONICS/echoes/Paris_Fleslit_mubert_TTA_001.mp3,0,0,0.01192
/data/SONICS/echoes/Motocross_Mania_Monroeville_Music_Center_brev_TTA_001.mp3,0,0,0.012146
/data/SONICS/echoes/Realize_Me_Jim_Rooster_stableaudio_TTA_001.mp3,0,0,0.01646
/data/SONICS/echoes/I_Close_My_Eyes_Miss_Derringer_diffrhythm_ATA_001.mp3,0,0,0.02315
/data/SONICS/echoes/Beyond_Luxury_Mors_Ontologica_diffrhythm_ATA_001.mp3,0,0,0.013535
/data/SONICS/echoes/Sheffield_Hall_Andy_G._Cohen_stableaudio_TTA_001.mp3,0,0,0.01495
/data/SONICS/echoes/Roach-Man_Punk_Rock_Opera_udio_TTA_001.mp3,0,0,0.0109
/data/SONICS/echoes/I_Dream_So_Vividly_Uninhabitable_Mansions_producer_TTA_001.mp3,0,0,0.01374
/data/SONICS/echoes/End_of_the_Line_H-LR_stableaudio_TTA_001.mp3,0,0,0.0173
/data/SONICS/echoes/Time_Is_Love_Silence_is_full_of_birds_diffrhythm_TTA_001.mp3,0,0,0.02211
/data/SONICS/echoes/Voxel_Andy_G._Cohen_suno_TTA_001.mp3,0,0,0.012825
/data/SONICS/echoes/mc_trabalenguas_Volumina_stableaudio_TTA_001.mp3,0,0,0.008545
/data/SONICS/echoes/Nuo_Maisemat_Paavoharju_mubert_TTA_001.mp3,0,0,0.013275
/data/SONICS/echoes/I_Dream_So_Vividly_Uninhabitable_Mansions_udio_TTA_001.mp3,0,0,0.01519
/data/SONICS/echoes/Shadow_Government_Bird_Names_producer_ATA_001.mp3,0,0,0.013954
/data/SONICS/echoes/Happy_Lamprey_diffrhythm_ATA_001.mp3,0,0,0.0635
/data/SONICS/echoes/Stockholm_Syndrome_People_Should_Be_More_Aware_Bird_Names_diffrhythm_TTA_001.mp3,0,0,0.01164
/data/SONICS/echoes/Clay_Heart_Nihilore_stableaudio_TTA_001.mp3,0,0,0.01549
/data/SONICS/echoes/Flashback_Seclorance_mubert_TTA_001.mp3,0,0,0.01178
/data/SONICS/echoes/Food_and_War_Ergo_Phizmiz_suno_TTA_002.mp3,0,0,0.01078
/data/SONICS/echoes/Solearesbeats_Malaventura_udio_TTA_002.mp3,0,0,0.01854
/data/SONICS/echoes/Tartu_Tähän_Hetkeen_Paavoharju_diffrhythm_ATA_001.mp3,0,0,0.01322
/data/SONICS/echoes/Shadow_Government_Bird_Names_producer_TTA_001.mp3,0,0,0.0901
/data/SONICS/echoes/Mountain_Mist_Modey_Lemon_brev_TTA_001.mp3,0,0,0.013535
/data/SONICS/echoes/Dance_Harder_Three_Chain_Links_udio_TTA_002.mp3,0,0,0.013275
/data/SONICS/echoes/Enemy_Modey_Lemon_acestep_TTA_001.mp3,0,0,0.01602
/data/SONICS/echoes/Dreams_ENDRUDARK_acestep_TTA_001.mp3,0,0,0.0395
/data/SONICS/echoes/Formic_Acid_for_Blood_Punk_Rock_Opera_stableaudio_TTA_001.mp3,0,0,0.01187
/data/SONICS/echoes/Straw_Fields_Rolemusic_diffrhythm_TTA_001.mp3,0,0,0.014114
/data/SONICS/echoes/Hahaha_The_Moi_Non_Plus_acestep_TTA_001.mp3,0,0,0.02522
/data/SONICS/echoes/CopperNickle_UncleBibby_suno_TTA_001.mp3,0,0,0.01021
/data/SONICS/echoes/Seppuku_Bot_Decktonic_suno_TTA_001.mp3,0,0,0.01785
/data/SONICS/echoes/Cold_Chains_Rolemusic_brev_TTA_002.mp3,0,0,0.07684
/data/SONICS/echoes/Apparitions_Under_Glass_Sarin_diffrhythm_TTA_001.mp3,0,0,0.02077
/data/SONICS/echoes/The_Race_Forever_Monroeville_Music_Center_mubert_TTA_001.mp3,0,0,0.01095
/data/SONICS/echoes/Convicted_Jazz_Drones_Malaventura_producer_ATA_001.mp3,0,0,0.01423
/data/SONICS/echoes/Digital_Lightning_Cloudkicker_diffrhythm_ATA_001.mp3,0,0,0.01253
/data/SONICS/echoes/Pista_Afuera_Epstein_producer_ATA_001.mp3,0,0,0.01467
/data/SONICS/echoes/danse_macabre_Katapulto_udio_TTA_002.mp3,0,0,0.01942
/data/SONICS/echoes/The_Big_House_Jason_Shaw_udio_TTA_001.mp3,0,0,0.01061
/data/SONICS/echoes/You_Are_A_Monster_Monroeville_Music_Center_suno_TTA_001.mp3,0,0,0.01253
/data/SONICS/echoes/Night_Owl_Broke_For_Free_diffrhythm_TTA_001.mp3,0,0,0.01976
/data/SONICS/echoes/The_Monster_MashYa_Look_Fantastic_The_Crypts_diffrhythm_ATA_001.mp3,0,0,0.00573
/data/SONICS/echoes/Eyes_Getting_Louder_Mod_Fun_diffrhythm_ATA_001.mp3,0,0,0.01704
/data/SONICS/echoes/Sonzis_FM_Pipe_Choir_diffrhythm_TTA_001.mp3,0,0,0.01103
/data/SONICS/echoes/Attention_Pete_Prodoehl_producer_ATA_001.mp3,0,0,0.01785
/data/SONICS/echoes/You_Are_A_Monster_Monroeville_Music_Center_producer_ATA_001.mp3,0,0,0.0112
/data/SONICS/echoes/Breeze_Funk_Malaventura_suno_TTA_002.mp3,0,0,0.01147
/data/SONICS/echoes/Moja_Krypta_AmortE_acestep_TTA_001.mp3,0,0,0.015305
/data/SONICS/echoes/Gila_Monster_FlopMusic_History_LessonThe_Sonics_The_Crypts_suno_TTA_002.mp3,0,0,0.01549
/data/SONICS/echoes/The_Cave_of_Time_Monroeville_Music_Center_suno_TTA_001.mp3,0,0,0.01953
/data/SONICS/echoes/The_girl_just_faded_Los_Llamarada_stableaudio_TTA_001.mp3,0,0,0.0196
/data/SONICS/echoes/Forest_Silence_Serpentarivm_udio_TTA_001.mp3,0,0,0.03192
/data/SONICS/echoes/Stranger_Frigg_A_Go_Go_F.A.G.G._producer_TTA_001.mp3,0,0,0.01596
/data/SONICS/echoes/I_Dream_So_Vividly_Uninhabitable_Mansions_brev_TTA_002.mp3,0,0,0.01369
/data/SONICS/echoes/Ad_Astra_P_C_III_brev_TTA_001.mp3,0,0,0.04123
/data/SONICS/echoes/Seppuku_Bot_Decktonic_producer_TTA_001.mp3,0,0,0.01041
/data/SONICS/echoes/Digital_Lightning_Cloudkicker_brev_TTA_002.mp3,0,0,0.01297
/data/SONICS/echoes/Voxel_Andy_G._Cohen_suno_TTA_002.mp3,0,0,0.02737
/data/SONICS/echoes/The_plot_Malaventura_brev_TTA_001.mp3,0,0,0.01473
/data/SONICS/echoes/Sfogare_Il_Dissenso_Deiezione_HC_mubert_TTA_001.mp3,0,0,0.02351
/data/SONICS/echoes/Stuttgart_Portrayal_brev_TTA_002.mp3,0,0,0.012924
/data/SONICS/echoes/zero_rhythm_dollar_boy_Katapulto_producer_ATA_001.mp3,0,0,0.00934
/data/SONICS/echoes/We_Are_Canucks_David_Blair_stableaudio_TTA_001.mp3,0,0,0.01013
/data/SONICS/echoes/A_Lady_In_Red_With_A_Plan_To_Steal_Did_You_Just_Hex_Me_diffrhythm_TTA_001.mp3,0,0,0.015015
/data/SONICS/echoes/Lady_Love_Parsley_Flakes_diffrhythm_ATA_001.mp3,0,0,0.04068
/data/SONICS/echoes/Invaders_From_Within_Monroeville_Music_Center_diffrhythm_TTA_001.mp3,0,0,0.0761
/data/SONICS/echoes/Ohtli_Seclorance_diffrhythm_TTA_001.mp3,0,0,0.05988
/data/SONICS/echoes/Music_For_an_Underground_Circu_Ergo_Phizmiz_udio_TTA_002.mp3,0,0,0.01107
/data/SONICS/echoes/Celia_Ergo_Phizmiz_udio_TTA_001.mp3,0,0,0.01348
/data/SONICS/echoes/Mountain_Mist_Modey_Lemon_udio_TTA_002.mp3,0,0,0.01744
/data/SONICS/echoes/Johnny_I_Lie_The_Moi_Non_Plus_udio_TTA_001.mp3,0,0,0.013374
/data/SONICS/echoes/Windows_of_the_Skull_Alternate_Version_Sarin_diffrhythm_ATA_001.mp3,0,0,0.012054
/data/SONICS/echoes/2_Wasnt_There_Isle_of_Pine_suno_TTA_002.mp3,0,0,0.02591
/data/SONICS/echoes/karaoke_megablast_Katapulto_diffrhythm_ATA_001.mp3,0,0,0.01099
/data/SONICS/echoes/Celia_Ergo_Phizmiz_diffrhythm_TTA_001.mp3,0,0,0.01572
/data/SONICS/echoes/Puertas_de_Fuego_Guerra_de_Cerdos_stableaudio_TTA_001.mp3,0,0,0.01484
/data/SONICS/echoes/The_Race_Forever_Monroeville_Music_Center_diffrhythm_TTA_001.mp3,0,0,0.03137
/data/SONICS/echoes/The_plot_Malaventura_udio_TTA_002.mp3,0,0,0.01385
/data/SONICS/echoes/Terve_Teille_Чокнутый_Пропеллер_brev_TTA_002.mp3,0,0,0.0159
/data/SONICS/echoes/Realize_Me_Jim_Rooster_mubert_TTA_001.mp3,0,0,0.02328
/data/SONICS/echoes/kolorowe_wody_Katapulto_brev_TTA_001.mp3,0,0,0.00899
/data/SONICS/echoes/SD_Ill_Mix_H-LR_suno_TTA_002.mp3,0,0,0.01025
/data/SONICS/echoes/Windows_of_the_Skull_Alternate_Version_Sarin_stableaudio_TTA_002.mp3,0,0,0.01549
/data/SONICS/echoes/Rolling_On_Avaren_acestep_TTA_001.mp3,0,0,0.01602
/data/SONICS/echoes/Straw_Fields_Rolemusic_brev_TTA_002.mp3,0,0,0.02586
/data/SONICS/echoes/The_Courtyard_Uncle_Bibby_suno_TTA_001.mp3,0,0,0.01078
/data/SONICS/echoes/Flashback_Seclorance_brev_TTA_002.mp3,0,0,0.012054
/data/SONICS/echoes/Nostalgia_Malaventura_diffrhythm_TTA_001.mp3,0,0,0.02277
/data/SONICS/echoes/Roller_Star_Monroeville_Music_Center_brev_TTA_002.mp3,0,0,0.01363
/data/SONICS/echoes/Lackadaisical_Oh_Yeah_the_Future_producer_TTA_001.mp3,0,0,0.01834
/data/SONICS/echoes/Soul_of_the_Demon_Zombie_Raiders_stableaudio_TTA_001.mp3,0,0,0.01267
/data/SONICS/echoes/Digital_Lightning_Cloudkicker_suno_TTA_001.mp3,0,0,0.02225
/data/SONICS/echoes/Norweigian_Wood_II_Bird_Names_acestep_TTA_001.mp3,0,0,0.0442
/data/SONICS/echoes/Different_Day_First_udio_TTA_002.mp3,0,0,0.01169
/data/SONICS/echoes/Mandrill_Ergo_Phizmiz_mubert_TTA_001.mp3,0,0,0.02052
/data/SONICS/echoes/Troubles_Ive_seen_Malaventura_diffrhythm_TTA_002.mp3,0,0,0.013275
/data/SONICS/echoes/Celia_Ergo_Phizmiz_brev_TTA_002.mp3,0,0,0.01343
/data/SONICS/echoes/Larbre_Salmo_diffrhythm_TTA_001.mp3,0,0,0.014114
/data/SONICS/echoes/Improvisation_Broken_Chord_diffrhythm_TTA_001.mp3,0,0,0.01021
/data/SONICS/echoes/Solearesbeats_Malaventura_suno_TTA_002.mp3,0,0,0.013794
/data/SONICS/echoes/CopperNickle_UncleBibby_udio_TTA_001.mp3,0,0,0.01133
/data/SONICS/echoes/Crossing_Los_Llamarada_producer_ATA_001.mp3,0,0,0.01634
/data/SONICS/echoes/Lights_Up_Pipe_Choir_acestep_TTA_001.mp3,0,0,0.015305
/data/SONICS/echoes/Yoko_live_at_FoEG_Emma_Acs_producer_ATA_001.mp3,0,0,0.01099
/data/SONICS/echoes/Scramby_Eggs_Andy_G._Cohen_stableaudio_TTA_001.mp3,0,0,0.01017
/data/SONICS/echoes/Attention_Pete_Prodoehl_acestep_TTA_001.mp3,0,0,0.02377
/data/SONICS/echoes/Celia_Ergo_Phizmiz_udio_TTA_002.mp3,0,0,0.01473
/data/SONICS/echoes/Soul_of_the_Demon_Zombie_Raiders_brev_TTA_002.mp3,0,0,0.01602
/data/SONICS/echoes/The_Sandman_Ergo_Phizmiz_stableaudio_TTA_001.mp3,0,0,0.011826
/data/SONICS/echoes/Soul_of_the_Demon_Zombie_Raiders_mubert_TTA_001.mp3,0,0,0.02948
/data/SONICS/echoes/Cold_Chains_Rolemusic_acestep_TTA_001.mp3,0,0,0.02293
/data/SONICS/echoes/Z-Saber_feat_Jake_Allison_Decktonic_diffrhythm_ATA_002.mp3,0,0,0.00927
/data/SONICS/echoes/I_Think_From_Now_On_Caleb_Lemond_diffrhythm_ATA_001.mp3,0,0,0.02177
/data/SONICS/echoes/Ohtli_Seclorance_brev_TTA_002.mp3,0,0,0.01155
/data/SONICS/echoes/Jangus_inspired_by_ToeJam_and_Earl_UncleBibby_producer_ATA_001.mp3,0,0,0.010735
/data/SONICS/echoes/LIQUID_SKULLS_voyageurs_brev_TTA_001.mp3,0,0,0.014114
/data/SONICS/echoes/Mandrill_Ergo_Phizmiz_brev_TTA_002.mp3,0,0,0.00899
/data/SONICS/echoes/Ynkelig_Die_Morgendammerung_Des_Valhalla_brev_TTA_002.mp3,0,0,0.01543
/data/SONICS/echoes/The_Contract_The_IMG_producer_TTA_001.mp3,0,0,0.01659
/data/SONICS/echoes/Seppuku_Bot_Decktonic_mubert_TTA_001.mp3,0,0,0.011246
/data/SONICS/echoes/Love_Dream_The_Zombie_Dandies_diffrhythm_ATA_001.mp3,0,0,0.01147
/data/SONICS/echoes/The_Dream_and_the_Dreamer_Caleb_Lemond_producer_TTA_001.mp3,0,0,0.02293
/data/SONICS/echoes/It_Cant_Be_Bargained_With_Three_Chain_Links_acestep_TTA_001.mp3,0,0,0.0145
/data/SONICS/echoes/2_Wasnt_There_Isle_of_Pine_acestep_TTA_001.mp3,0,0,0.02267
/data/SONICS/echoes/Digital_Lightning_Cloudkicker_suno_TTA_002.mp3,0,0,0.012146
/data/SONICS/echoes/Who_Loves_You_Dear_Mink_Lungs_diffrhythm_ATA_001.mp3,0,0,0.00971
/data/SONICS/echoes/CopperNickle_UncleBibby_stableaudio_TTA_001.mp3,0,0,0.01819
/data/SONICS/echoes/Nuo_Maisemat_Paavoharju_producer_TTA_001.mp3,0,0,0.01883
/data/SONICS/echoes/Introduction_beats_Itsensäsyöjät_producer_TTA_001.mp3,0,0,0.01467
/data/SONICS/echoes/Food_and_War_Ergo_Phizmiz_stableaudio_TTA_001.mp3,0,0,0.01678
/data/SONICS/echoes/Empty_Pockets_Pete_Prodoehl_brev_TTA_002.mp3,0,0,0.02242
/data/SONICS/echoes/One_Eyed_GhostThis_is_gonna_be_a_rough_show_The_Crypts_diffrhythm_ATA_001.mp3,0,0,0.008575
/data/SONICS/echoes/Troubles_Ive_seen_Malaventura_diffrhythm_TTA_001.mp3,0,0,0.014336
/data/SONICS/echoes/Ugh_Humans_Can_Join_Mystery_Mammal_brev_TTA_001.mp3,0,0,0.00899
/data/SONICS/echoes/Edge_Mystery_Mammal_udio_TTA_002.mp3,0,0,0.013535
/data/SONICS/echoes/Go_On_Then_Jim_Rooster_udio_TTA_002.mp3,0,0,0.01374
/data/SONICS/echoes/Millitary_Industrial_Complex_Punk_Rock_Opera_mubert_TTA_001.mp3,0,0,0.01912
/data/SONICS/echoes/Hammer_and_a_Nail_Vienna_Ditto_udio_TTA_001.mp3,0,0,0.01692
/data/SONICS/echoes/Hisko_Detria_Hisko_Detria_stableaudio_TTA_001.mp3,0,0,0.01834
/data/SONICS/echoes/Edge_Mystery_Mammal_producer_ATA_001.mp3,0,0,0.014336
/data/SONICS/echoes/Something_Dirty_Ergo_Phizmiz_udio_TTA_002.mp3,0,0,0.007374
/data/SONICS/echoes/Realize_Me_Jim_Rooster_udio_TTA_002.mp3,0,0,0.014114
/data/SONICS/echoes/Only_Instrumental_Broke_For_Free_diffrhythm_ATA_001.mp3,0,0,0.008446
/data/SONICS/echoes/Only_Instrumental_Broke_For_Free_brev_TTA_001.mp3,0,0,0.3933
/data/SONICS/echoes/Nature_Is_Over_Defined_Bird_Names_brev_TTA_001.mp3,0,0,0.01456
/data/SONICS/echoes/Transmit_Lamprey_brev_TTA_002.mp3,0,0,0.01009
/data/SONICS/echoes/Timen_Passing_By_Jason_Shaw_acestep_TTA_001.mp3,0,0,0.01513
/data/SONICS/echoes/Kissing_Scars_Caleb_Lemond_stableaudio_TTA_001.mp3,0,0,0.01628
/data/SONICS/echoes/Promo_Mix_Vocal_Edit_Luv_Dub_Mix_Pierlo_diffrhythm_ATA_001.mp3,0,0,0.01238
/data/SONICS/echoes/Lackadaisical_Oh_Yeah_the_Future_suno_TTA_002.mp3,0,0,0.01257
/data/SONICS/echoes/Mandrill_Ergo_Phizmiz_suno_TTA_002.mp3,0,0,0.0149
/data/SONICS/echoes/1984_Punk_Rock_Opera_suno_TTA_001.mp3,0,0,0.0145
/data/SONICS/echoes/Dance_Harder_Three_Chain_Links_diffrhythm_TTA_001.mp3,0,0,0.01439
/data/SONICS/echoes/Troubles_Ive_seen_Malaventura_brev_TTA_001.mp3,0,0,0.011826
/data/SONICS/echoes/Endless_The_Birth_and_Death_of_Silence_brev_TTA_002.mp3,0,0,0.02072
/data/SONICS/echoes/Aquamarine_My_Distant_Blue_Nihilore_diffrhythm_TTA_001.mp3,0,0,0.01519
/data/SONICS/echoes/On_My_Mind_Ergo_Phizmiz_mubert_TTA_001.mp3,0,0,0.01065
/data/SONICS/echoes/Attention_Pete_Prodoehl_diffrhythm_ATA_001.mp3,0,0,0.01257
/data/SONICS/echoes/Roach-Man_Punk_Rock_Opera_producer_TTA_001.mp3,0,0,0.0149
/data/SONICS/echoes/Fuckaboing_RoccoW_producer_TTA_001.mp3,0,0,0.01133
/data/SONICS/echoes/Night_Owl_Broke_For_Free_acestep_TTA_001.mp3,0,0,0.807
/data/SONICS/echoes/Scramby_Eggs_Andy_G._Cohen_mubert_TTA_001.mp3,0,0,0.01201
/data/SONICS/echoes/Artificial_anxiety_Michett_diffrhythm_TTA_001.mp3,0,0,0.01267
/data/SONICS/echoes/Pista_Afuera_Epstein_producer_TTA_001.mp3,0,0,0.02272
/data/SONICS/echoes/Yoko_live_at_FoEG_Emma_Acs_suno_TTA_001.mp3,0,0,0.01401
/data/SONICS/echoes/I_Close_My_Eyes_Miss_Derringer_acestep_TTA_001.mp3,0,0,0.01445
/data/SONICS/echoes/Moja_Krypta_AmortE_diffrhythm_TTA_001.mp3,0,0,0.01484
/data/SONICS/echoes/Liberation_is_not_Easy_Frigg_A_Go_Go_F.A.G.G._diffrhythm_ATA_001.mp3,0,0,0.01813
/data/SONICS/echoes/Track_04_Lightning_Bolt_producer_ATA_001.mp3,0,0,0.01439
/data/SONICS/echoes/Infinite_Light_Pipe_Choir_diffrhythm_TTA_001.mp3,0,0,0.009674
/data/SONICS/echoes/We_Are_Canucks_David_Blair_brev_TTA_001.mp3,0,0,0.01287
/data/SONICS/echoes/Music_For_an_Underground_Circu_Ergo_Phizmiz_suno_TTA_001.mp3,0,0,0.01164
/data/SONICS/echoes/All_of_Us_Eric_Skiff_producer_TTA_001.mp3,0,0,0.011116
/data/SONICS/echoes/Roland_Garros_2048_Zoliborz_diffrhythm_ATA_001.mp3,0,0,0.01095
/data/SONICS/echoes/mc_trabalenguas_Volumina_udio_TTA_001.mp3,0,0,0.01169
/data/SONICS/echoes/Voxel_Andy_G._Cohen_udio_TTA_001.mp3,0,0,0.01164
/data/SONICS/echoes/Snakefirewalking_Los_Llamarada_producer_ATA_001.mp3,0,0,0.0321
/data/SONICS/echoes/Nature_Is_Over_Defined_Bird_Names_diffrhythm_TTA_001.mp3,0,0,0.01813
/data/SONICS/echoes/Outro_Caleb_Lemond_acestep_TTA_001.mp3,0,0,0.01554
/data/SONICS/echoes/Fuckaboing_RoccoW_brev_TTA_002.mp3,0,0,0.01343
/data/SONICS/echoes/В_Наших_Сердцах_Чокнутый_Пропеллер_stableaudio_TTA_001.mp3,0,0,0.013794
/data/SONICS/echoes/Fleslit_Fleslit_diffrhythm_TTA_001.mp3,0,0,0.01369
/data/SONICS/echoes/Sea_Monster_The_Crypts_udio_TTA_002.mp3,0,0,0.03534
/data/SONICS/echoes/Who_Loves_You_Dear_Mink_Lungs_acestep_TTA_001.mp3,0,0,0.013954
/data/SONICS/echoes/Vanishing_Horizon_Jason_Shaw_brev_TTA_001.mp3,0,0,0.01238
/data/SONICS/echoes/Stuttgart_Portrayal_producer_TTA_001.mp3,0,0,0.01359
/data/SONICS/echoes/Ad_Astra_P_C_III_producer_TTA_001.mp3,0,0,0.03125
/data/SONICS/echoes/Acoustic_Unleashed_Remain_udio_TTA_002.mp3,0,0,0.012924
/data/SONICS/echoes/Pista_Afuera_Epstein_stableaudio_TTA_001.mp3,0,0,0.01322
/data/SONICS/echoes/John_the_Baby_Ergo_Phizmiz_producer_ATA_001.mp3,0,0,0.01343
/data/SONICS/echoes/Nose_DUSTdevils_producer_TTA_001.mp3,0,0,0.02727
/data/SONICS/echoes/Time_Is_Love_Silence_is_full_of_birds_udio_TTA_002.mp3,0,0,0.01348
/data/SONICS/echoes/Mandrill_Ergo_Phizmiz_udio_TTA_001.mp3,0,0,0.0112
/data/SONICS/echoes/The_Big_House_Jason_Shaw_suno_TTA_002.mp3,0,0,0.01359
/data/SONICS/echoes/Roundtrip_Oh_Yeah_the_Future_producer_ATA_001.mp3,0,0,0.01724
/data/SONICS/echoes/We_Are_Canucks_David_Blair_diffrhythm_TTA_001.mp3,0,0,0.007755
/data/SONICS/echoes/Take_Your_Fingers_Michael_Fakesch_diffrhythm_TTA_001.mp3,0,0,0.00701
/data/SONICS/echoes/Cassie_Lace_The_Zombie_Dandies_diffrhythm_ATA_001.mp3,0,0,0.01513
/data/SONICS/echoes/Track_04_Lightning_Bolt_diffrhythm_ATA_001.mp3,0,0,0.03656
/data/SONICS/echoes/gospellioza_Katapulto_diffrhythm_TTA_001.mp3,0,0,0.0192
/data/SONICS/echoes/November_25_2007_Kenneth_Kirschner_diffrhythm_ATA_003.mp3,0,0,0.01406
/data/SONICS/echoes/Motocross_Mania_Monroeville_Music_Center_suno_TTA_002.mp3,0,0,0.013954
/data/SONICS/echoes/Formic_Acid_for_Blood_Punk_Rock_Opera_udio_TTA_001.mp3,0,0,0.01666
/data/SONICS/echoes/If_Youre_Ther_Nicola_Ratti_diffrhythm_ATA_001.mp3,0,0,0.024
/data/SONICS/echoes/Love_Dream_The_Zombie_Dandies_brev_TTA_001.mp3,0,0,0.0116
/data/SONICS/echoes/Busby_Berkeley_Ergo_Phizmiz_producer_TTA_001.mp3,0,0,0.01129
/data/SONICS/echoes/Gila_Monster_FlopMusic_History_LessonThe_Sonics_The_Crypts_producer_TTA_001.mp3,0,0,0.00895
/data/SONICS/echoes/Windows_of_the_Skull_Sarin_producer_ATA_001.mp3,0,0,0.01859
/data/SONICS/echoes/Forest_Silence_Serpentarivm_stableaudio_TTA_001.mp3,0,0,0.02194
/data/SONICS/echoes/Crossing_Los_Llamarada_stableaudio_TTA_001.mp3,0,0,0.012825
/data/SONICS/echoes/Night_Drive_Decktonic_producer_TTA_001.mp3,0,0,0.0164
/data/SONICS/echoes/Acoustic_Unleashed_Remain_stableaudio_TTA_001.mp3,0,0,0.01543
/data/SONICS/echoes/mc_trabalenguas_Volumina_producer_TTA_001.mp3,0,0,0.013535
/data/SONICS/echoes/Cassie_Lace_The_Zombie_Dandies_stableaudio_TTA_001.mp3,0,0,0.0093
/data/SONICS/echoes/The_Factory_Multifaros_diffrhythm_TTA_001.mp3,0,0,0.01078
/data/SONICS/echoes/Head_of_Ancante_Talking_Tree_Akchamel_The_Giver_of_Illness_brev_TTA_001.mp3,0,0,0.011734
/data/SONICS/echoes/I_Can_See_Everything_Mod_Fun_acestep_TTA_001.mp3,0,0,0.014786
/data/SONICS/echoes/Better_Run_Away_From_Me_Miss_Derringer_stableaudio_TTA_001.mp3,0,0,0.01467
/data/SONICS/echoes/Where_Is_Everything_The_Moi_Non_Plus_brev_TTA_001.mp3,0,0,0.01103
/data/SONICS/echoes/The_Front_Yard_HarleyLikesMusic_diffrhythm_TTA_001.mp3,0,0,0.0164
/data/SONICS/echoes/Mandrill_Ergo_Phizmiz_brev_TTA_001.mp3,0,0,0.01287
/data/SONICS/echoes/Coliidae_K.D._Expression_producer_ATA_001.mp3,0,0,0.01374
/data/SONICS/echoes/zero_rhythm_dollar_boy_Katapulto_udio_TTA_002.mp3,0,0,0.01082
/data/SONICS/echoes/Stockholm_Syndrome_People_Should_Be_More_Aware_Bird_Names_producer_ATA_001.mp3,0,0,0.01343
/data/SONICS/echoes/The_Reality_Machine_Monroeville_Music_Center_producer_TTA_001.mp3,0,0,0.00952
/data/SONICS/echoes/The_Contract_The_IMG_producer_ATA_001.mp3,0,0,0.01229
/data/SONICS/echoes/Robot_Heart_Mystery_Mammal_brev_TTA_001.mp3,0,0,0.00902
/data/SONICS/echoes/2_Wasnt_There_Isle_of_Pine_producer_TTA_001.mp3,0,0,0.01267
/data/SONICS/echoes/John_the_Baby_Ergo_Phizmiz_suno_TTA_002.mp3,0,0,0.01082
/data/SONICS/echoes/Edge_Mystery_Mammal_mubert_TTA_001.mp3,0,0,0.01248
/data/SONICS/echoes/Four_and_a_Half_Tatami_Nihilore_diffrhythm_TTA_001.mp3,0,0,0.02419
/data/SONICS/echoes/Insectlaration_of_Independence_Punk_Rock_Opera_acestep_TTA_001.mp3,0,0,0.01692
/data/SONICS/echoes/Hungry_Oh_Yeah_the_Future_udio_TTA_001.mp3,0,0,0.00974
/data/SONICS/echoes/All_of_Us_Eric_Skiff_diffrhythm_ATA_001.mp3,0,0,0.01685
/data/SONICS/echoes/philcollins_takes_your_hand_Katapulto_producer_ATA_001.mp3,0,0,0.00919
/data/SONICS/echoes/Straw_Fields_Rolemusic_mubert_TTA_001.mp3,0,0,0.01192
/data/SONICS/echoes/Scramby_Eggs_Andy_G._Cohen_udio_TTA_001.mp3,0,0,0.01622
/data/SONICS/echoes/Colossal_Stillness_Scott_Holmes_stableaudio_TTA_001.mp3,0,0,0.01602
/data/SONICS/echoes/Roland_Garros_2048_Zoliborz_diffrhythm_TTA_001.mp3,0,0,0.01065
/data/SONICS/echoes/The_girl_just_faded_Los_Llamarada_udio_TTA_001.mp3,0,0,0.01554
/data/SONICS/echoes/The_Contract_The_IMG_brev_TTA_002.mp3,0,0,0.011116
/data/SONICS/echoes/Invaders_From_Within_Monroeville_Music_Center_mubert_TTA_001.mp3,0,0,0.00952
/data/SONICS/echoes/La_Nina_Blanca_Vienna_Ditto_diffrhythm_ATA_001.mp3,0,0,0.01484
/data/SONICS/echoes/Robot_Heart_Mystery_Mammal_diffrhythm_TTA_001.mp3,0,0,0.01549
/data/SONICS/echoes/Endless_The_Birth_and_Death_of_Silence_diffrhythm_TTA_001.mp3,0,0,0.0395
/data/SONICS/echoes/TTL_Twin_Heads_diffrhythm_TTA_001.mp3,0,0,0.012726
/data/SONICS/echoes/Who_Loves_You_Dear_Mink_Lungs_suno_TTA_002.mp3,0,0,0.01116
/data/SONICS/echoes/Troubles_Ive_seen_Malaventura_diffrhythm_ATA_001.mp3,0,0,0.01142
/data/SONICS/echoes/Eyes_Getting_Louder_Mod_Fun_diffrhythm_TTA_001.mp3,0,0,0.02567
/data/SONICS/echoes/Agora_Malaventura_diffrhythm_ATA_001.mp3,0,0,0.01234
/data/SONICS/echoes/50000_Volts_of_Democracy_mp3_Legally_Blind_stableaudio_TTA_001.mp3,0,0,0.0121
/data/SONICS/echoes/Soul_of_the_Demon_Zombie_Raiders_producer_TTA_001.mp3,0,0,0.02988
/data/SONICS/echoes/I_Nocturnal_Mayhem_acestep_TTA_001.mp3,0,0,0.01307
/data/SONICS/echoes/When_I_Was_Taller_Dan_Deacon_udio_TTA_002.mp3,0,0,0.01287
/data/SONICS/echoes/Edge_Mystery_Mammal_diffrhythm_TTA_001.mp3,0,0,0.013374
/data/SONICS/echoes/zero_rhythm_dollar_boy_Katapulto_diffrhythm_TTA_001.mp3,0,0,0.01049
/data/SONICS/echoes/Night_Owl_Broke_For_Free_stableaudio_TTA_001.mp3,0,0,0.01297
/data/SONICS/echoes/some_dextromethorphan_Jeva_diffrhythm_ATA_001.mp3,0,0,0.007755
/data/SONICS/echoes/Crossing_Los_Llamarada_mubert_TTA_001.mp3,0,0,0.01423
/data/SONICS/echoes/Celia_Ergo_Phizmiz_brev_TTA_001.mp3,0,0,0.01025
/data/SONICS/echoes/Millitary_Industrial_Complex_Punk_Rock_Opera_acestep_TTA_001.mp3,0,0,0.01525
/data/SONICS/echoes/Ynkelig_Die_Morgendammerung_Des_Valhalla_udio_TTA_002.mp3,0,0,0.01312
/data/SONICS/echoes/zero_rhythm_dollar_boy_Katapulto_suno_TTA_001.mp3,0,0,0.013535
/data/SONICS/echoes/Liberation_is_not_Easy_Frigg_A_Go_Go_F.A.G.G._stableaudio_TTA_001.mp3,0,0,0.0184
/data/SONICS/echoes/Where_Is_Everything_The_Moi_Non_Plus_suno_TTA_001.mp3,0,0,0.01369
/data/SONICS/echoes/Where_Is_Everything_The_Moi_Non_Plus_brev_TTA_002.mp3,0,0,0.01406
/data/SONICS/echoes/The_Coldest_Winter_Caleb_Lemond_mubert_TTA_001.mp3,0,0,0.015366
/data/SONICS/echoes/Nuo_Maisemat_Paavoharju_suno_TTA_002.mp3,0,0,0.01596
/data/SONICS/echoes/purity_danger_Katapulto_suno_TTA_001.mp3,0,0,0.00885
/data/SONICS/echoes/Flashback_Seclorance_diffrhythm_ATA_001.mp3,0,0,0.03574
/data/SONICS/echoes/Ohtli_Seclorance_mubert_TTA_001.mp3,0,0,0.01322
/data/SONICS/echoes/Convicted_Jazz_Drones_Malaventura_brev_TTA_002.mp3,0,0,0.02263
/data/SONICS/echoes/Polinesia_Malaventura_diffrhythm_ATA_001.mp3,0,0,0.01147
/data/SONICS/echoes/Chipho_instrumental_RoccoW_diffrhythm_ATA_001.mp3,0,0,0.02844
/data/SONICS/echoes/Robocall_Legally_Blind_acestep_TTA_001.mp3,0,0,0.01439
/data/SONICS/echoes/Go_On_Then_Jim_Rooster_brev_TTA_002.mp3,0,0,0.01017
/data/SONICS/echoes/Empty_Pockets_Pete_Prodoehl_diffrhythm_TTA_001.mp3,0,0,0.00938
/data/SONICS/echoes/Norweigian_Wood_II_Bird_Names_diffrhythm_TTA_001.mp3,0,0,0.01133
/data/SONICS/echoes/Where_Is_Everything_The_Moi_Non_Plus_udio_TTA_001.mp3,0,0,0.01333
/data/SONICS/echoes/Half_a_Doubt_Droopies_acestep_TTA_001.mp3,0,0,0.01343
/data/SONICS/echoes/New_Life_take_1_Bird_Names_producer_ATA_001.mp3,0,0,0.03108
/data/SONICS/echoes/Realize_Me_Jim_Rooster_diffrhythm_TTA_001.mp3,0,0,0.0183
/data/SONICS/echoes/kolorowe_wody_Katapulto_stableaudio_TTA_001.mp3,0,0,0.01263
/data/SONICS/echoes/Pista_Afuera_Epstein_udio_TTA_001.mp3,0,0,0.01543
/data/SONICS/echoes/Solearesbeats_Malaventura_producer_TTA_001.mp3,0,0,0.01456
/data/SONICS/echoes/Evil_Cannot_Create_Caleb_Lemond_diffrhythm_TTA_001.mp3,0,0,0.02187
/data/SONICS/echoes/Vanishing_Horizon_Jason_Shaw_producer_TTA_001.mp3,0,0,0.0156
/data/SONICS/echoes/Ynkelig_Die_Morgendammerung_Des_Valhalla_udio_TTA_001.mp3,0,0,0.01142
/data/SONICS/echoes/You_Are_A_Monster_Monroeville_Music_Center_diffrhythm_ATA_001.mp3,0,0,0.01744
/data/SONICS/echoes/Resistentialism_Nihilore_brev_TTA_001.mp3,0,0,0.01343
/data/SONICS/echoes/Millitary_Industrial_Complex_Punk_Rock_Opera_diffrhythm_ATA_001.mp3,0,0,0.02827
/data/SONICS/echoes/A_Different_World_By_Night_Nihilore_diffrhythm_ATA_001.mp3,0,0,0.01718
/data/SONICS/echoes/Untitled_Fatal_Injection_acestep_TTA_001.mp3,0,0,0.02211
/data/SONICS/echoes/Im_gonna_try_to_reach_Los_Llamarada_acestep_TTA_001.mp3,0,0,0.02324
/data/SONICS/echoes/CopperNickle_UncleBibby_producer_ATA_001.mp3,0,0,0.009056
/data/SONICS/echoes/Loved_Ones_Rowan_Box_diffrhythm_ATA_001.mp3,0,0,0.7593
/data/SONICS/echoes/Half_a_Doubt_Droopies_stableaudio_TTA_001.mp3,0,0,0.01196
/data/SONICS/echoes/The_Front_Yard_HarleyLikesMusic_suno_TTA_001.mp3,0,0,0.0171
/data/SONICS/echoes/You_Are_A_Monster_Monroeville_Music_Center_stableaudio_TTA_001.mp3,0,0,0.013535
/data/SONICS/echoes/Nature_Is_Over_Defined_Bird_Names_producer_ATA_001.mp3,0,0,0.01567
/data/SONICS/echoes/The_Race_Forever_Monroeville_Music_Center_udio_TTA_002.mp3,0,0,0.026
/data/SONICS/echoes/Robot_Heart_Mystery_Mammal_producer_TTA_001.mp3,0,0,0.01164
/data/SONICS/echoes/Endless_The_Birth_and_Death_of_Silence_udio_TTA_001.mp3,0,0,0.01724
/data/SONICS/echoes/The_Cave_of_Time_Monroeville_Music_Center_stableaudio_TTA_001.mp3,0,0,0.015076
/data/SONICS/echoes/Новый_Нью-Йорк_2_Чокнутый_Пропеллер_producer_TTA_001.mp3,0,0,0.01484
/data/SONICS/echoes/Electric_Girlfriend_The_Zombie_Dandies_diffrhythm_ATA_001.mp3,0,0,0.01423
/data/SONICS/echoes/Robocall_Legally_Blind_brev_TTA_001.mp3,0,0,0.014114
/data/SONICS/echoes/Formic_Acid_for_Blood_Punk_Rock_Opera_suno_TTA_002.mp3,0,0,0.01799
/data/SONICS/echoes/50000_Volts_of_Democracy_mp3_Legally_Blind_diffrhythm_ATA_001.mp3,0,0,0.01724
/data/SONICS/echoes/I_Nocturnal_Mayhem_producer_TTA_001.mp3,0,0,0.03574
/data/SONICS/echoes/Running_Free_Michett_featuring_Kalipluche_udio_TTA_001.mp3,0,0,0.01406
/data/SONICS/echoes/New_Brave_Face_Oh_Yeah_the_Future_diffrhythm_ATA_001.mp3,0,0,0.01322
/data/SONICS/echoes/On_My_Mind_Ergo_Phizmiz_stableaudio_TTA_001.mp3,0,0,0.01554
/data/SONICS/echoes/You_Are_A_Monster_Monroeville_Music_Center_udio_TTA_002.mp3,0,0,0.03162
/data/SONICS/echoes/We_Are_Canucks_David_Blair_producer_TTA_001.mp3,0,0,0.00923
/data/SONICS/echoes/Nuo_Maisemat_Paavoharju_udio_TTA_002.mp3,0,0,0.9585
/data/SONICS/echoes/Infinite_Light_Pipe_Choir_producer_ATA_001.mp3,0,0,0.02174
/data/SONICS/echoes/Different_Day_First_diffrhythm_TTA_001.mp3,0,0,0.00892
/data/SONICS/echoes/Gila_Monster_FlopMusic_History_LessonThe_Sonics_The_Crypts_brev_TTA_002.mp3,0,0,0.03748
/data/SONICS/echoes/Monkeystage_Ergo_Phizmiz_brev_TTA_002.mp3,0,0,0.01578
/data/SONICS/echoes/I_Nocturnal_Mayhem_brev_TTA_001.mp3,0,0,0.01287
/data/SONICS/echoes/The_Dream_and_the_Dreamer_Caleb_Lemond_suno_TTA_002.mp3,0,0,0.01519
/data/SONICS/echoes/Liberosis_Nihilore_diffrhythm_TTA_001.mp3,0,0,0.02641
/data/SONICS/echoes/Digital_Lightning_Cloudkicker_brev_TTA_001.mp3,0,0,0.01525
/data/SONICS/echoes/All_of_Us_Eric_Skiff_udio_TTA_001.mp3,0,0,0.012726
/data/SONICS/echoes/The_Reality_Machine_Monroeville_Music_Center_stableaudio_TTA_001.mp3,0,0,0.009415
/data/SONICS/echoes/The_Front_Yard_HarleyLikesMusic_udio_TTA_001.mp3,0,0,0.01078
/data/SONICS/echoes/Nature_Is_Over_Defined_Bird_Names_suno_TTA_001.mp3,0,0,0.0112
/data/SONICS/echoes/Okiirobo_Navigation_System_Henry_Homesweet_brev_TTA_002.mp3,0,0,0.01219
/data/SONICS/echoes/Coliidae_K.D._Expression_udio_TTA_002.mp3,0,0,0.013275
/data/SONICS/echoes/Mettle_Pipe_Choir_brev_TTA_002.mp3,0,0,0.01718
/data/SONICS/echoes/I_Think_From_Now_On_Caleb_Lemond_stableaudio_TTA_001.mp3,0,0,0.01525
/data/SONICS/echoes/The_girl_just_faded_Los_Llamarada_mubert_TTA_001.mp3,0,0,0.014336
/data/SONICS/echoes/Gloomy_Sunday_AmortE_diffrhythm_ATA_001.mp3,0,0,0.008415
/data/SONICS/echoes/Music_For_an_Underground_Circu_Ergo_Phizmiz_producer_TTA_001.mp3,0,0,0.02072
/data/SONICS/echoes/Terve_Teille_Чокнутый_Пропеллер_producer_TTA_001.mp3,0,0,0.01253
/data/SONICS/echoes/With_the_Summer_Oh_Yeah_the_Future_stableaudio_TTA_001.mp3,0,0,0.01343
/data/SONICS/echoes/The_Dream_and_the_Dreamer_Caleb_Lemond_udio_TTA_001.mp3,0,0,0.01277
/data/SONICS/echoes/Roach-Man_Punk_Rock_Opera_suno_TTA_002.mp3,0,0,0.0149
/data/SONICS/echoes/She_Works_Tepid_Waters_Bird_Names_producer_TTA_001.mp3,0,0,0.01653
/data/SONICS/echoes/CopperNickle_UncleBibby_udio_TTA_002.mp3,0,0,0.01307
/data/SONICS/echoes/Invaders_From_Within_Monroeville_Music_Center_stableaudio_TTA_001.mp3,0,0,0.01277
/data/SONICS/echoes/Night_Drive_Decktonic_suno_TTA_002.mp3,0,0,0.015015
/data/SONICS/echoes/Polinesia_Malaventura_acestep_TTA_001.mp3,0,0,0.01164
/data/SONICS/echoes/philcollins_takes_your_hand_Katapulto_acestep_TTA_001.mp3,0,0,0.02089
/data/SONICS/echoes/Dance_Harder_Three_Chain_Links_diffrhythm_ATA_001.mp3,0,0,0.00835
/data/SONICS/echoes/The_Cave_of_Time_Monroeville_Music_Center_producer_ATA_001.mp3,0,0,0.0121
/data/SONICS/echoes/Evil_Cannot_Create_Caleb_Lemond_suno_TTA_002.mp3,0,0,0.0116
/data/SONICS/echoes/Happy_Lamprey_acestep_TTA_001.mp3,0,0,0.01927
/data/SONICS/echoes/Breeze_Funk_Malaventura_acestep_TTA_001.mp3,0,0,0.01257
/data/SONICS/echoes/Kumorizoranohajimarutokoro_Hosomi_diffrhythm_ATA_001.mp3,0,0,0.01374
/data/SONICS/echoes/She_Works_Tepid_Waters_Bird_Names_suno_TTA_001.mp3,0,0,0.0183
/data/SONICS/echoes/6_Coat_of_Arms_Close_Isle_of_Pine_diffrhythm_ATA_001.mp3,0,0,0.02493
/data/SONICS/echoes/Attention_Pete_Prodoehl_mubert_TTA_001.mp3,0,0,0.01484
/data/SONICS/echoes/Jangus_inspired_by_ToeJam_and_Earl_UncleBibby_brev_TTA_001.mp3,0,0,0.007965
/data/SONICS/echoes/Electric_Girlfriend_The_Zombie_Dandies_diffrhythm_TTA_001.mp3,0,0,0.01322
/data/SONICS/echoes/My_Body_Is_A_Weapon_Compromise_Edit_Silence_is_full_of_birds_stableaudio_TTA_001.mp3,0,0,0.014336
/data/SONICS/echoes/Unexpected_Little_Happenings_UltraCat_acestep_TTA_001.mp3,0,0,0.01439
/data/SONICS/echoes/6_Coat_of_Arms_Close_Isle_of_Pine_stableaudio_TTA_001.mp3,0,0,0.01439
/data/SONICS/echoes/Fear_Los_Fancy_Free_diffrhythm_TTA_001.mp3,0,0,0.01428
/data/SONICS/echoes/The_Courtyard_Uncle_Bibby_diffrhythm_ATA_001.mp3,0,0,0.09283
/data/SONICS/echoes/Roach-Man_Punk_Rock_Opera_udio_TTA_002.mp3,0,0,0.01653
/data/SONICS/echoes/Daylight_Savings_My_brother_Daniel_producer_ATA_001.mp3,0,0,0.00874
/data/SONICS/echoes/Busby_Berkeley_Ergo_Phizmiz_diffrhythm_ATA_001.mp3,0,0,0.03397
/data/SONICS/echoes/You_Are_A_Monster_Monroeville_Music_Center_udio_TTA_001.mp3,0,0,0.012054
/data/SONICS/echoes/gospellioza_Katapulto_mubert_TTA_001.mp3,0,0,0.01057
/data/SONICS/echoes/I_Can_See_Everything_Mod_Fun_diffrhythm_TTA_001.mp3,0,0,0.01519
/data/SONICS/echoes/Dance_Harder_Three_Chain_Links_suno_TTA_002.mp3,0,0,0.02293
/data/SONICS/echoes/The_Contract_The_IMG_udio_TTA_001.mp3,0,0,0.012146
/data/SONICS/echoes/Colossal_Stillness_Scott_Holmes_diffrhythm_TTA_001.mp3,0,0,0.01692
/data/SONICS/echoes/Mosque_Sarin_diffrhythm_ATA_001.mp3,0,0,0.01229
/data/SONICS/echoes/The_Race_Forever_Monroeville_Music_Center_producer_TTA_001.mp3,0,0,0.01021
/data/SONICS/echoes/Go_On_Then_Jim_Rooster_suno_TTA_002.mp3,0,0,0.0112
/data/SONICS/echoes/Something_Dirty_Ergo_Phizmiz_suno_TTA_002.mp3,0,0,0.01401
/data/SONICS/echoes/Lost_In_The_Music_D-Smilez_Mix_D_SMILEZ_diffrhythm_TTA_001.mp3,0,0,0.01572
/data/SONICS/echoes/Time_Is_Love_Silence_is_full_of_birds_suno_TTA_001.mp3,0,0,0.011826
/data/SONICS/echoes/We_Are_Canucks_David_Blair_brev_TTA_002.mp3,0,0,0.011734
/data/SONICS/echoes/The_Front_Yard_HarleyLikesMusic_producer_ATA_001.mp3,0,0,0.010735
/data/SONICS/echoes/KOMFORT_voyageurs_diffrhythm_ATA_001.mp3,0,0,0.01302
/data/SONICS/echoes/Support_Me_in_This_Moment_That_Im_About_To_Lose_Heart_Nihilore_diffrhythm_TTA_001.mp3,0,0,0.01374
/data/SONICS/echoes/On_My_Mind_Ergo_Phizmiz_brev_TTA_002.mp3,0,0,0.0577
/data/SONICS/echoes/Something_Dirty_Ergo_Phizmiz_diffrhythm_ATA_001.mp3,0,0,0.008446
/data/SONICS/echoes/Paris_Fleslit_producer_ATA_001.mp3,0,0,0.01053
/data/SONICS/echoes/mc_trabalenguas_Volumina_suno_TTA_001.mp3,0,0,0.01033
/data/SONICS/echoes/Larbre_Salmo_acestep_TTA_001.mp3,0,0,0.015305
/data/SONICS/echoes/Go_On_Then_Jim_Rooster_diffrhythm_ATA_001.mp3,0,0,0.0156
/data/SONICS/echoes/It_Cant_Be_Bargained_With_Three_Chain_Links_diffrhythm_ATA_001.mp3,0,0,0.014175
/data/SONICS/echoes/Ugly_Vienna_Ditto_diffrhythm_ATA_001.mp3,0,0,0.01439
/data/SONICS/echoes/We_Move_in_Waves_Modey_Lemon_mubert_TTA_001.mp3,0,0,0.01428
/data/SONICS/echoes/Music_For_an_Underground_Circu_Ergo_Phizmiz_diffrhythm_ATA_001.mp3,0,0,0.01666
/data/SONICS/echoes/KOMFORT_voyageurs_diffrhythm_TTA_001.mp3,0,0,0.01785
/data/SONICS/echoes/Lets_Start_Out_Slow_RoccoW_acestep_TTA_001.mp3,0,0,0.015305
/data/SONICS/echoes/Lights_Up_Pipe_Choir_diffrhythm_ATA_001.mp3,0,0,0.02414
/data/SONICS/echoes/Acoustic_Unleashed_Remain_brev_TTA_002.mp3,0,0,0.011505
/data/SONICS/echoes/Ohtli_Seclorance_diffrhythm_ATA_001.mp3,0,0,0.01086
/data/SONICS/echoes/Paris_Fleslit_suno_TTA_001.mp3,0,0,0.00993
/data/SONICS/echoes/Food_and_War_Ergo_Phizmiz_producer_ATA_001.mp3,0,0,0.01653
/data/SONICS/echoes/Invaders_From_Within_Monroeville_Music_Center_brev_TTA_001.mp3,0,0,0.012054
/data/SONICS/echoes/OOOTHERSIDE_-_Liquid_Paper_Mike_B._Fort_producer_TTA_001.mp3,0,0,0.01021
/data/SONICS/echoes/John_the_Baby_Ergo_Phizmiz_diffrhythm_ATA_001.mp3,0,0,0.07007
/data/SONICS/echoes/Robot_Heart_Mystery_Mammal_udio_TTA_002.mp3,0,0,0.01001
/data/SONICS/echoes/Untitled_Fatal_Injection_diffrhythm_TTA_001.mp3,0,0,0.015076
/data/SONICS/echoes/Dont_want_to_be_your_man_Frigg_A_Go_Go_F.A.G.G._diffrhythm_ATA_001.mp3,0,0,0.02666
/data/SONICS/echoes/OST_04_Ship_under_attack_sawsquarenoise_brev_TTA_001.mp3,0,0,0.01653
/data/SONICS/echoes/purity_danger_Katapulto_producer_ATA_001.mp3,0,0,0.01616
/data/SONICS/echoes/Mettle_Pipe_Choir_udio_TTA_001.mp3,0,0,0.01267
/data/SONICS/echoes/Straw_Fields_Rolemusic_producer_ATA_001.mp3,0,0,0.014786
/data/SONICS/echoes/With_the_Summer_Oh_Yeah_the_Future_diffrhythm_TTA_001.mp3,0,0,0.01744
/data/SONICS/echoes/Hahaha_The_Moi_Non_Plus_diffrhythm_ATA_001.mp3,0,0,0.0223
/data/SONICS/echoes/Paris_Fleslit_brev_TTA_002.mp3,0,0,0.01348
/data/SONICS/echoes/Jangus_inspired_by_ToeJam_and_Earl_UncleBibby_mubert_TTA_001.mp3,0,0,0.008255
/data/SONICS/echoes/You_Are_A_Monster_Monroeville_Music_Center_acestep_TTA_001.mp3,0,0,0.00978
/data/SONICS/echoes/Liberosis_Nihilore_acestep_TTA_001.mp3,0,0,0.01659
/data/SONICS/echoes/Autopsy_Oh_Yeah_the_Future_producer_TTA_001.mp3,0,0,0.01263
/data/SONICS/echoes/When_I_Was_Taller_Dan_Deacon_mubert_TTA_001.mp3,0,0,0.00971
/data/SONICS/echoes/The_Big_House_Jason_Shaw_udio_TTA_002.mp3,0,0,0.01513
/data/SONICS/echoes/Tapes_Gumbel_producer_ATA_001.mp3,0,0,0.01772
/data/SONICS/echoes/Shadow_Government_Bird_Names_udio_TTA_002.mp3,0,0,0.01178
/data/SONICS/echoes/OOOTHERSIDE_-_Liquid_Paper_Mike_B._Fort_suno_TTA_002.mp3,0,0,0.02191
/data/SONICS/echoes/Dance_Harder_Three_Chain_Links_producer_ATA_001.mp3,0,0,0.01359
/data/SONICS/echoes/Key_trick_Krisa_diffrhythm_ATA_001.mp3,0,0,0.00948
/data/SONICS/echoes/Nuo_Maisemat_Paavoharju_brev_TTA_001.mp3,0,0,0.02089
/data/SONICS/echoes/The_Factory_Multifaros_diffrhythm_ATA_001.mp3,0,0,0.012924
/data/SONICS/echoes/Mandrill_Ergo_Phizmiz_diffrhythm_ATA_001.mp3,0,0,0.012924
/data/SONICS/echoes/Millitary_Industrial_Complex_Punk_Rock_Opera_brev_TTA_002.mp3,0,0,0.01257
/data/SONICS/echoes/Vanishing_Horizon_Jason_Shaw_suno_TTA_001.mp3,0,0,0.0156
/data/SONICS/echoes/Different_Day_First_diffrhythm_ATA_001.mp3,0,0,0.00888
/data/SONICS/echoes/Empower_Thee_vargero_diffrhythm_ATA_001.mp3,0,0,0.01596
/data/SONICS/echoes/Hahaha_The_Moi_Non_Plus_diffrhythm_TTA_001.mp3,0,0,0.0193
/data/SONICS/echoes/OOOTHERSIDE_-_Liquid_Paper_Mike_B._Fort_diffrhythm_ATA_001.mp3,0,0,0.012146
/data/SONICS/echoes/The_Reality_Machine_Monroeville_Music_Center_brev_TTA_002.mp3,0,0,0.0139
/data/SONICS/echoes/Ponky_McFonky_My_brother_Daniel_suno_TTA_002.mp3,0,0,0.01201
/data/SONICS/echoes/CopperNickle_UncleBibby_diffrhythm_TTA_001.mp3,0,0,0.01317
/data/SONICS/echoes/She_Works_Tepid_Waters_Bird_Names_stableaudio_TTA_001.mp3,0,0,0.0372
/data/SONICS/echoes/OST_04_Ship_under_attack_sawsquarenoise_brev_TTA_002.mp3,0,0,0.010056
/data/SONICS/echoes/Ugh_Humans_Can_Join_Mystery_Mammal_diffrhythm_TTA_001.mp3,0,0,0.03348
/data/SONICS/echoes/Sheffield_Hall_Andy_G._Cohen_diffrhythm_TTA_001.mp3,0,0,0.009125
/data/SONICS/echoes/Autobahn_S-B-J_suno_TTA_001.mp3,0,0,0.01234
/data/SONICS/echoes/Night_Owl_Broke_For_Free_producer_TTA_001.mp3,0,0,0.01819
/data/SONICS/echoes/1984_Punk_Rock_Opera_brev_TTA_001.mp3,0,0,0.013535
/data/SONICS/echoes/Noam_Chomskys_Corporate_Carbohydrate_Surprise_Quelle_Fromage_suno_TTA_002.mp3,0,0,0.011734
/data/SONICS/echoes/Go_On_Then_Jim_Rooster_producer_TTA_001.mp3,0,0,0.012924
/data/SONICS/echoes/Time_Is_Love_Silence_is_full_of_birds_brev_TTA_002.mp3,0,0,0.015015
/data/SONICS/echoes/Demolition_Michett_diffrhythm_TTA_001.mp3,0,0,0.03928
/data/SONICS/echoes/Digital_Lightning_Cloudkicker_producer_TTA_001.mp3,0,0,0.013275
/data/SONICS/echoes/Colossal_Stillness_Scott_Holmes_diffrhythm_ATA_001.mp3,0,0,0.02162
/data/SONICS/echoes/Dreams_ENDRUDARK_diffrhythm_TTA_001.mp3,0,0,0.0496
/data/SONICS/echoes/Versailles_Pierce_Murphy_diffrhythm_ATA_001.mp3,0,0,0.01257
/data/SONICS/echoes/OST_04_Ship_under_attack_sawsquarenoise_diffrhythm_TTA_001.mp3,0,0,0.01799
/data/SONICS/echoes/Enemy_Modey_Lemon_diffrhythm_ATA_001.mp3,0,0,0.00956
/data/SONICS/echoes/Colossal_Stillness_Scott_Holmes_stableaudio_TTA_002.mp3,0,0,0.01906
/data/SONICS/echoes/The_Secret_Garden_Barbarix_acestep_TTA_001.mp3,0,0,0.01964
/data/SONICS/echoes/The_Monster_MashYa_Look_Fantastic_The_Crypts_stableaudio_TTA_001.mp3,0,0,0.01248
/data/SONICS/echoes/Cold_Chains_Rolemusic_producer_TTA_001.mp3,0,0,0.01029
/data/SONICS/echoes/The_Dream_and_the_Dreamer_Caleb_Lemond_diffrhythm_ATA_001.mp3,0,0,0.01061
/data/SONICS/echoes/SD_Ill_Mix_H-LR_diffrhythm_ATA_001.mp3,0,0,0.00899
/data/SONICS/echoes/Millitary_Industrial_Complex_Punk_Rock_Opera_udio_TTA_001.mp3,0,0,0.01155
/data/SONICS/echoes/Stranger_Frigg_A_Go_Go_F.A.G.G._brev_TTA_001.mp3,0,0,0.014786
/data/SONICS/echoes/Scramby_Eggs_Andy_G._Cohen_suno_TTA_001.mp3,0,0,0.01602
/data/SONICS/echoes/LIQUID_SKULLS_voyageurs_diffrhythm_ATA_001.mp3,0,0,0.02084
/data/SONICS/echoes/Head_of_Ancante_Talking_Tree_Akchamel_The_Giver_of_Illness_diffrhythm_ATA_001.mp3,0,0,0.0171
/data/SONICS/echoes/Empty_Pockets_Pete_Prodoehl_stableaudio_TTA_001.mp3,0,0,0.02246
/data/SONICS/echoes/Colossal_Stillness_Scott_Holmes_suno_TTA_002.mp3,0,0,0.01277
/data/SONICS/echoes/One_Eyed_GhostThis_is_gonna_be_a_rough_show_The_Crypts_suno_TTA_001.mp3,0,0,0.01428
/data/SONICS/echoes/John_the_Baby_Ergo_Phizmiz_brev_TTA_001.mp3,0,0,0.01201
/data/SONICS/echoes/Niche_Dreams_Square_People_acestep_TTA_001.mp3,0,0,0.01785
/data/SONICS/echoes/Coliidae_K.D._Expression_acestep_TTA_001.mp3,0,0,0.01116
/data/SONICS/echoes/Empty_Pockets_Pete_Prodoehl_producer_ATA_001.mp3,0,0,0.01622
/data/SONICS/echoes/The_Coldest_Winter_Caleb_Lemond_stableaudio_TTA_001.mp3,0,0,0.01297
/data/SONICS/echoes/Stuttgart_Portrayal_stableaudio_TTA_001.mp3,0,0,0.01359
/data/SONICS/echoes/When_I_Was_Taller_Dan_Deacon_diffrhythm_ATA_001.mp3,0,0,0.005447
/data/SONICS/echoes/Crossing_Los_Llamarada_suno_TTA_002.mp3,0,0,0.01099
/data/SONICS/echoes/Ohtli_Seclorance_producer_TTA_001.mp3,0,0,0.01685
/data/SONICS/echoes/Lovedreams_Oh_Yeah_the_Future_diffrhythm_TTA_001.mp3,0,0,0.01219
/data/SONICS/echoes/Endless_The_Birth_and_Death_of_Silence_acestep_TTA_001.mp3,0,0,0.01467
/data/SONICS/echoes/mystery_team_2090_Jesse_Futerman_stableaudio_TTA_001.mp3,0,0,0.01495
/data/SONICS/echoes/Tapes_Gumbel_udio_TTA_002.mp3,0,0,0.0217
/data/SONICS/echoes/Where_Is_Everything_The_Moi_Non_Plus_suno_TTA_002.mp3,0,0,0.01155
/data/SONICS/echoes/Improvisation_Broken_Chord_suno_TTA_002.mp3,0,0,0.0121
/data/SONICS/echoes/The_Big_House_Jason_Shaw_stableaudio_TTA_001.mp3,0,0,0.01142
/data/SONICS/echoes/Different_Day_First_suno_TTA_001.mp3,0,0,0.01201
/data/SONICS/echoes/Reagan_Shut_Down_the_Asylums_Punk_Rock_Opera_diffrhythm_ATA_001.mp3,0,0,0.0591
/data/SONICS/echoes/Only_Instrumental_Broke_For_Free_brev_TTA_002.mp3,0,0,0.0203
/data/SONICS/echoes/Formic_Acid_for_Blood_Punk_Rock_Opera_brev_TTA_002.mp3,0,0,0.01129
/data/SONICS/echoes/Lovedreams_Oh_Yeah_the_Future_suno_TTA_002.mp3,0,0,0.01243
/data/SONICS/echoes/Digital_Lightning_Cloudkicker_udio_TTA_002.mp3,0,0,0.011505
/data/SONICS/echoes/Breeze_Funk_Malaventura_producer_TTA_001.mp3,0,0,0.01155
/data/SONICS/echoes/Black_Panda_The_Crypts_diffrhythm_TTA_001.mp3,0,0,0.014336
/data/SONICS/echoes/Take_It_All_Mod_Fun_diffrhythm_TTA_001.mp3,0,0,0.01385
/data/SONICS/echoes/mystery_team_2090_Jesse_Futerman_acestep_TTA_001.mp3,0,0,0.01224
/data/SONICS/echoes/Mettle_Pipe_Choir_suno_TTA_002.mp3,0,0,0.01924
/data/SONICS/echoes/KOMFORT_voyageurs_stableaudio_TTA_001.mp3,0,0,0.01758
/data/SONICS/echoes/Breeze_Funk_Malaventura_udio_TTA_002.mp3,0,0,0.01243
/data/SONICS/echoes/Hisko_Detria_Hisko_Detria_diffrhythm_TTA_001.mp3,0,0,0.015366
/data/SONICS/echoes/Autopsy_Oh_Yeah_the_Future_producer_ATA_001.mp3,0,0,0.00974
/data/SONICS/echoes/Bergwald_Bergwald_Every_Now_and_Every_Then_diffrhythm_TTA_001.mp3,0,0,0.007668
/data/SONICS/echoes/Night_Owl_Broke_For_Free_mubert_TTA_001.mp3,0,0,0.02284
/data/SONICS/echoes/Colossal_Stillness_Scott_Holmes_suno_TTA_001.mp3,0,0,0.01065
/data/SONICS/echoes/Head_of_Ancante_Talking_Tree_Akchamel_The_Giver_of_Illness_suno_TTA_002.mp3,0,0,0.011246
/data/SONICS/echoes/Versailles_Pierce_Murphy_diffrhythm_TTA_001.mp3,0,0,0.02744
/data/SONICS/echoes/New_Life_take_1_Bird_Names_udio_TTA_002.mp3,0,0,0.01374
/data/SONICS/echoes/On_My_Mind_Ergo_Phizmiz_udio_TTA_002.mp3,0,0,0.012825
/data/SONICS/echoes/Dr_Deimos-Scribble_Mizukis_Last_ChanceDr_Deimos_acestep_TTA_001.mp3,0,0,0.01277
/data/SONICS/echoes/Clay_Heart_Nihilore_acestep_TTA_001.mp3,0,0,0.01187
/data/SONICS/echoes/Hammer_and_a_Nail_Vienna_Ditto_mubert_TTA_001.mp3,0,0,0.01155
/data/SONICS/echoes/First_Glance_Oh_Yeah_the_Future_udio_TTA_002.mp3,0,0,0.01869
/data/SONICS/echoes/Lost_Paradise_Autumn_Interlude_producer_TTA_001.mp3,0,0,0.08405
/data/SONICS/echoes/She_Works_Tepid_Waters_Bird_Names_brev_TTA_001.mp3,0,0,0.01622
/data/SONICS/echoes/Take_Your_Fingers_Michael_Fakesch_udio_TTA_001.mp3,0,0,0.01267
/data/SONICS/echoes/LIQUID_SKULLS_voyageurs_diffrhythm_TTA_001.mp3,0,0,0.01013
/data/SONICS/echoes/I_Nocturnal_Mayhem_stableaudio_TTA_001.mp3,0,0,0.013374
/data/SONICS/echoes/Autobahn_S-B-J_diffrhythm_TTA_001.mp3,0,0,0.01666
/data/SONICS/echoes/Forest_Silence_Serpentarivm_producer_TTA_001.mp3,0,0,0.01945
/data/SONICS/echoes/The_Reality_Machine_Monroeville_Music_Center_producer_ATA_001.mp3,0,0,0.00752
/data/SONICS/echoes/Daylight_Savings_My_brother_Daniel_suno_TTA_001.mp3,0,0,0.012726
/data/SONICS/echoes/John_the_Baby_Ergo_Phizmiz_brev_TTA_002.mp3,0,0,0.01099
/data/SONICS/echoes/Okiirobo_Navigation_System_Henry_Homesweet_producer_TTA_001.mp3,0,0,0.012054
/data/SONICS/echoes/Seppuku_Bot_Decktonic_diffrhythm_ATA_001.mp3,0,0,0.01037
/data/SONICS/echoes/Resistentialism_Nihilore_suno_TTA_001.mp3,0,0,0.0116
/data/SONICS/echoes/Night_Drive_Decktonic_udio_TTA_001.mp3,0,0,0.01133
/data/SONICS/echoes/В_Наших_Сердцах_Чокнутый_Пропеллер_stableaudio_TTA_003.mp3,0,0,0.011375
/data/SONICS/echoes/Im_gonna_try_to_reach_Los_Llamarada_stableaudio_TTA_001.mp3,0,0,0.01462
/data/SONICS/echoes/2_Wasnt_There_Isle_of_Pine_brev_TTA_002.mp3,0,0,0.01991
/data/SONICS/echoes/Take_It_All_Mod_Fun_diffrhythm_ATA_001.mp3,0,0,0.01428
/data/SONICS/echoes/Convicted_Jazz_Drones_Malaventura_udio_TTA_002.mp3,0,0,0.137
/data/SONICS/echoes/Take_Your_Fingers_Michael_Fakesch_udio_TTA_002.mp3,0,0,0.01086
/data/SONICS/echoes/Vanishing_Horizon_Jason_Shaw_brev_TTA_002.mp3,0,0,0.01698
/data/SONICS/echoes/Realize_Me_Jim_Rooster_brev_TTA_002.mp3,0,0,0.0232
/data/SONICS/echoes/Wir_Werden_Gott_Japanische_Kampfhorspiele_mubert_TTA_001.mp3,0,0,0.01692
/data/SONICS/echoes/Go_On_Then_Jim_Rooster_brev_TTA_001.mp3,0,0,0.05292
/data/SONICS/echoes/I_Fell_Mod_Fun_brev_TTA_001.mp3,0,0,0.01374
/data/SONICS/echoes/Nuo_Maisemat_Paavoharju_producer_ATA_001.mp3,0,0,0.01484
/data/SONICS/echoes/Soul_of_the_Demon_Zombie_Raiders_diffrhythm_ATA_001.mp3,0,0,0.012825
/data/SONICS/echoes/Fifth_Ramble_-_From_the_album_Keith_RSVP007_My_brother_Daniel_diffrhythm_TTA_001.mp3,0,0,0.01095
/data/SONICS/echoes/Yoko_live_at_FoEG_Emma_Acs_diffrhythm_ATA_001.mp3,0,0,0.01872
/data/SONICS/echoes/Busby_Berkeley_Ergo_Phizmiz_stableaudio_TTA_001.mp3,0,0,0.01851
/data/SONICS/echoes/Windows_of_the_Skull_Sarin_udio_TTA_001.mp3,0,0,0.01196
/data/SONICS/echoes/Stranger_Frigg_A_Go_Go_F.A.G.G._suno_TTA_001.mp3,0,0,0.01147
/data/SONICS/echoes/Roach-Man_Punk_Rock_Opera_brev_TTA_002.mp3,0,0,0.014114
/data/SONICS/echoes/The_Courtyard_Uncle_Bibby_stableaudio_TTA_001.mp3,0,0,0.014175
/data/SONICS/echoes/Running_Free_Michett_featuring_Kalipluche_udio_TTA_002.mp3,0,0,0.0109
/data/SONICS/echoes/November_25_2007_Kenneth_Kirschner_acestep_TTA_001.mp3,0,0,0.0192
/data/SONICS/echoes/The_Courtyard_Uncle_Bibby_mubert_TTA_001.mp3,0,0,0.01359
/data/SONICS/echoes/Sturgeons_Law_Nihilore_diffrhythm_ATA_001.mp3,0,0,0.0277
/data/SONICS/echoes/Stockholm_Syndrome_People_Should_Be_More_Aware_Bird_Names_diffrhythm_ATA_001.mp3,0,0,0.0241
/data/SONICS/echoes/Hammer_and_a_Nail_Vienna_Ditto_diffrhythm_ATA_001.mp3,0,0,0.01704
/data/SONICS/echoes/The_Race_Forever_Monroeville_Music_Center_suno_TTA_001.mp3,0,0,0.01169
/data/SONICS/echoes/Time_Is_Love_Silence_is_full_of_birds_producer_TTA_001.mp3,0,0,0.01343
/data/SONICS/echoes/She_Works_Tepid_Waters_Bird_Names_brev_TTA_002.mp3,0,0,0.01646
/data/SONICS/echoes/The_Front_Yard_HarleyLikesMusic_stableaudio_TTA_001.mp3,0,0,0.01423
/data/SONICS/echoes/New_Brave_Face_Oh_Yeah_the_Future_stableaudio_TTA_001.mp3,0,0,0.01752
/data/SONICS/echoes/Tapes_Gumbel_mubert_TTA_001.mp3,0,0,0.01082
/data/SONICS/echoes/The_Reality_Machine_Monroeville_Music_Center_udio_TTA_002.mp3,0,0,0.006798
/data/SONICS/echoes/Troubles_Ive_seen_Malaventura_suno_TTA_001.mp3,0,0,0.01103
/data/SONICS/echoes/KOMFORT_voyageurs_udio_TTA_002.mp3,0,0,0.01065
/data/SONICS/echoes/A_Dark_Blue_Arc_Pipe_Choir_stableaudio_TTA_001.mp3,0,0,0.015015
/data/SONICS/echoes/Realize_Me_Jim_Rooster_producer_ATA_001.mp3,0,0,0.03253
/data/SONICS/echoes/Colossal_Stillness_Scott_Holmes_udio_TTA_001.mp3,0,0,0.01333
/data/SONICS/echoes/Roller_Star_Monroeville_Music_Center_acestep_TTA_001.mp3,0,0,0.00927
/data/SONICS/echoes/Laika_NGC_1365_diffrhythm_ATA_001.mp3,0,0,0.014114
/data/SONICS/echoes/Aquamarine_My_Distant_Blue_Nihilore_acestep_TTA_001.mp3,0,0,0.01049
/data/SONICS/echoes/Okiirobo_Navigation_System_Henry_Homesweet_diffrhythm_ATA_001.mp3,0,0,0.0898
/data/SONICS/echoes/The_plot_Malaventura_mubert_TTA_001.mp3,0,0,0.008156
/data/SONICS/echoes/Paris_Fleslit_diffrhythm_ATA_001.mp3,0,0,0.01086
/data/SONICS/echoes/Aquamarine_My_Distant_Blue_Nihilore_producer_ATA_001.mp3,0,0,0.01116
/data/SONICS/echoes/Sea_Monster_The_Crypts_acestep_TTA_001.mp3,0,0,0.012726
/data/SONICS/echoes/Fly_2_Andre_Jetson_diffrhythm_ATA_001.mp3,0,0,0.01401
/data/SONICS/echoes/Глазами_Детей_Чокнутый_Пропеллер_stableaudio_TTA_001.mp3,0,0,0.01596
/data/SONICS/echoes/KISS_my_Boots_The_Zombie_Dandies_diffrhythm_ATA_001.mp3,0,0,0.01543
/data/SONICS/echoes/Stranger_Frigg_A_Go_Go_F.A.G.G._stableaudio_TTA_001.mp3,0,0,0.01401
/data/SONICS/echoes/The_Contract_The_IMG_suno_TTA_002.mp3,0,0,0.01484
/data/SONICS/echoes/Roller_Star_Monroeville_Music_Center_producer_TTA_001.mp3,0,0,0.008125
/data/SONICS/echoes/Yoko_live_at_FoEG_Emma_Acs_acestep_TTA_001.mp3,0,0,0.02373
/data/SONICS/echoes/Nose_DUSTdevils_brev_TTA_002.mp3,0,0,0.01267
/data/SONICS/echoes/Transmit_Lamprey_acestep_TTA_001.mp3,0,0,0.03995
/data/SONICS/echoes/Straw_Fields_Rolemusic_stableaudio_TTA_001.mp3,0,0,0.011826
/data/SONICS/echoes/Wir_Werden_Gott_Japanische_Kampfhorspiele_brev_TTA_002.mp3,0,0,0.00871
/data/SONICS/echoes/We_Move_in_Waves_Modey_Lemon_udio_TTA_001.mp3,0,0,0.01307
/data/SONICS/echoes/Running_Free_Michett_featuring_Kalipluche_diffrhythm_ATA_001.mp3,0,0,0.0107
/data/SONICS/echoes/Improvisation_Broken_Chord_brev_TTA_001.mp3,0,0,0.01201
/data/SONICS/echoes/Ad_Astra_P_C_III_stableaudio_TTA_001.mp3,0,0,0.02338
/data/SONICS/echoes/Food_and_War_Ergo_Phizmiz_brev_TTA_001.mp3,0,0,0.01267
/data/SONICS/echoes/Shipwrecked_Crew_Pete_Prodoehl_stableaudio_TTA_001.mp3,0,0,0.01374
/data/SONICS/echoes/Tapes_Gumbel_suno_TTA_002.mp3,0,0,0.01646
/data/SONICS/echoes/shmoove_epsilon_not_acestep_TTA_001.mp3,0,0,0.01622
/data/SONICS/echoes/Flashback_Seclorance_brev_TTA_001.mp3,0,0,0.01082
/data/SONICS/echoes/Robocall_Legally_Blind_mubert_TTA_001.mp3,0,0,0.011375
/data/SONICS/echoes/Food_and_War_Ergo_Phizmiz_producer_TTA_001.mp3,0,0,0.03818
/data/SONICS/echoes/Новый_Нью-Йорк_2_Чокнутый_Пропеллер_suno_TTA_002.mp3,0,0,0.01037
/data/SONICS/echoes/New_Life_take_1_Bird_Names_diffrhythm_TTA_002.mp3,0,0,0.02124
/data/SONICS/echoes/Windows_of_the_Skull_Alternate_Version_Sarin_diffrhythm_TTA_001.mp3,0,0,0.01065
/data/SONICS/echoes/Track_04_Lightning_Bolt_brev_TTA_002.mp3,0,0,0.014336
/data/SONICS/echoes/Новый_Нью-Йорк_2_Чокнутый_Пропеллер_mubert_TTA_001.mp3,0,0,0.011116
/data/SONICS/echoes/Vanishing_Horizon_Jason_Shaw_udio_TTA_002.mp3,0,0,0.01116
/data/SONICS/echoes/Take_Your_Fingers_Michael_Fakesch_brev_TTA_001.mp3,0,0,0.01462
/data/SONICS/echoes/The_Dawn_The_One_They_Fear_diffrhythm_ATA_001.mp3,0,0,0.01423
/data/SONICS/echoes/The_Queen_Malaventura_diffrhythm_TTA_001.mp3,0,0,0.0205
/data/SONICS/echoes/Snakefirewalking_Los_Llamarada_producer_TTA_001.mp3,0,0,0.01519
/data/SONICS/echoes/Crossing_Los_Llamarada_udio_TTA_001.mp3,0,0,0.01999
/data/SONICS/echoes/purity_danger_Katapulto_brev_TTA_002.mp3,0,0,0.011375
/data/SONICS/echoes/Empower_Thee_vargero_suno_TTA_002.mp3,0,0,0.01467
/data/SONICS/echoes/Invaders_From_Within_Monroeville_Music_Center_producer_ATA_001.mp3,0,0,0.01234
/data/SONICS/echoes/She_Works_Tepid_Waters_Bird_Names_udio_TTA_002.mp3,0,0,0.014336
/data/SONICS/echoes/Realize_Me_Jim_Rooster_suno_TTA_002.mp3,0,0,0.01602
/data/SONICS/echoes/Night_Drive_Decktonic_brev_TTA_001.mp3,0,0,0.01219
/data/SONICS/echoes/Scape_from_the_city_Rolemusic_diffrhythm_TTA_001.mp3,0,0,0.015305
/data/SONICS/echoes/Crossing_Los_Llamarada_suno_TTA_001.mp3,0,0,0.011375
/data/SONICS/echoes/Clay_Heart_Nihilore_diffrhythm_TTA_001.mp3,0,0,0.01859
/data/SONICS/echoes/Introduction_beats_Itsensäsyöjät_diffrhythm_TTA_001.mp3,0,0,0.01033
/data/SONICS/echoes/KOMFORT_voyageurs_brev_TTA_002.mp3,0,0,0.01086
/data/SONICS/echoes/Ynkelig_Die_Morgendammerung_Des_Valhalla_acestep_TTA_001.mp3,0,0,0.01363
/data/SONICS/echoes/Pista_Afuera_Epstein_mubert_TTA_001.mp3,0,0,0.1597
/data/SONICS/echoes/Something_Dirty_Ergo_Phizmiz_udio_TTA_001.mp3,0,0,0.00934
/data/SONICS/echoes/Ugh_Humans_Can_Join_Mystery_Mammal_udio_TTA_001.mp3,0,0,0.12476
/data/SONICS/echoes/OOOTHERSIDE_-_This_Time_Mike_B._Fort_producer_ATA_001.mp3,0,0,0.011734
/data/SONICS/echoes/Stuttgart_Portrayal_suno_TTA_002.mp3,0,0,0.013275
/data/SONICS/echoes/November_25_2007_Kenneth_Kirschner_udio_TTA_001.mp3,0,0,0.01968
/data/SONICS/echoes/Autopsy_Oh_Yeah_the_Future_diffrhythm_ATA_001.mp3,0,0,0.02293
/data/SONICS/echoes/Mountain_Mist_Modey_Lemon_suno_TTA_001.mp3,0,0,0.012054
/data/SONICS/echoes/Soul_of_the_Demon_Zombie_Raiders_udio_TTA_002.mp3,0,0,0.007668
/data/SONICS/echoes/November_25_2007_Kenneth_Kirschner_diffrhythm_ATA_001.mp3,0,0,0.02982
/data/SONICS/echoes/CopperNickle_UncleBibby_diffrhythm_ATA_001.mp3,0,0,0.02328
/data/SONICS/echoes/I_Think_From_Now_On_Caleb_Lemond_acestep_TTA_001.mp3,0,0,0.11395
/data/SONICS/echoes/Key_trick_Krisa_diffrhythm_TTA_001.mp3,0,0,0.01178
/data/SONICS/echoes/I_Think_From_Now_On_Caleb_Lemond_udio_TTA_002.mp3,0,0,0.0121
/data/SONICS/echoes/Outro_Caleb_Lemond_stableaudio_TTA_001.mp3,0,0,0.01898
/data/SONICS/echoes/Killing_Bosses_Gumbel_diffrhythm_TTA_001.mp3,0,0,0.0183
/data/SONICS/echoes/Roundtrip_Oh_Yeah_the_Future_suno_TTA_002.mp3,0,0,0.014336
/data/SONICS/echoes/Go_On_Then_Jim_Rooster_producer_ATA_001.mp3,0,0,0.1831
/data/SONICS/echoes/Gila_Monster_FlopMusic_History_LessonThe_Sonics_The_Crypts_diffrhythm_ATA_001.mp3,0,0,0.03044
/data/SONICS/echoes/Roller_Star_Monroeville_Music_Center_suno_TTA_002.mp3,0,0,0.01013
/data/SONICS/echoes/I_Think_From_Now_On_Caleb_Lemond_suno_TTA_001.mp3,0,0,0.01616
/data/SONICS/echoes/Noam_Chomskys_Corporate_Carbohydrate_Surprise_Quelle_Fromage_producer_TTA_001.mp3,0,0,0.01772
/data/SONICS/echoes/Motocross_Mania_Monroeville_Music_Center_diffrhythm_TTA_001.mp3,0,0,0.01243
/data/SONICS/echoes/Love_Dream_The_Zombie_Dandies_suno_TTA_001.mp3,0,0,0.012054
/data/SONICS/echoes/Sea_Monster_The_Crypts_diffrhythm_ATA_001.mp3,0,0,0.02849
/data/SONICS/echoes/Set_Fire_to_Creation_Nihilore_diffrhythm_ATA_001.mp3,0,0,0.01439
/data/SONICS/echoes/Lost_Paradise_Autumn_Interlude_mubert_TTA_001.mp3,0,0,0.01698
/data/SONICS/echoes/Terve_Teille_Чокнутый_Пропеллер_udio_TTA_002.mp3,0,0,0.01666
/data/SONICS/echoes/Okiirobo_Navigation_System_Henry_Homesweet_udio_TTA_002.mp3,0,0,0.01196
/data/SONICS/echoes/Introduction_beats_Itsensäsyöjät_suno_TTA_001.mp3,0,0,0.01021
/data/SONICS/echoes/Vanishing_Horizon_Jason_Shaw_mubert_TTA_001.mp3,0,0,0.01572
/data/SONICS/echoes/Mountain_Mist_Modey_Lemon_producer_TTA_001.mp3,0,0,0.01263
/data/SONICS/echoes/Bizzy_The_Tleilaxu_Music_Machine_diffrhythm_TTA_001.mp3,0,0,0.03833
/data/SONICS/echoes/Infinite_Light_Pipe_Choir_producer_TTA_001.mp3,0,0,0.01554
/data/SONICS/echoes/Ponky_McFonky_My_brother_Daniel_mubert_TTA_001.mp3,0,0,0.01333
/data/SONICS/echoes/Convicted_Jazz_Drones_Malaventura_udio_TTA_001.mp3,0,0,0.013535
/data/SONICS/echoes/Sonzis_FM_Pipe_Choir_stableaudio_TTA_001.mp3,0,0,0.01287
/data/SONICS/echoes/3_am_West_End_statusq_acestep_TTA_001.mp3,0,0,0.0149
/data/SONICS/echoes/We_Are_Canucks_David_Blair_mubert_TTA_001.mp3,0,0,0.01037
/data/SONICS/echoes/Track_04_Lightning_Bolt_suno_TTA_001.mp3,0,0,0.02121
/data/SONICS/echoes/Let_Youre_Body_Move_D_SMILEZ_diffrhythm_TTA_001.mp3,0,0,0.03108
/data/SONICS/echoes/Hungry_Oh_Yeah_the_Future_suno_TTA_001.mp3,0,0,0.01065
/data/SONICS/echoes/Hammer_and_a_Nail_Vienna_Ditto_suno_TTA_002.mp3,0,0,0.01578
/data/SONICS/echoes/Only_Instrumental_Broke_For_Free_diffrhythm_TTA_001.mp3,0,0,0.03278
/data/SONICS/echoes/Edge_Mystery_Mammal_brev_TTA_001.mp3,0,0,0.00749
/data/SONICS/echoes/Monkeystage_Ergo_Phizmiz_producer_ATA_001.mp3,0,0,0.01312
/data/SONICS/echoes/Straw_Fields_Rolemusic_suno_TTA_001.mp3,0,0,0.01229
/data/SONICS/echoes/My_Body_Is_A_Weapon_Compromise_Edit_Silence_is_full_of_birds_diffrhythm_TTA_001.mp3,0,0,0.02611
/data/SONICS/echoes/Snakefirewalking_Los_Llamarada_udio_TTA_002.mp3,0,0,0.01567
/data/SONICS/echoes/A_Dark_Blue_Arc_Pipe_Choir_diffrhythm_ATA_001.mp3,0,0,0.01685
/data/SONICS/echoes/When_I_Was_Taller_Dan_Deacon_suno_TTA_001.mp3,0,0,0.010735
/data/SONICS/echoes/Roller_Star_Monroeville_Music_Center_diffrhythm_ATA_001.mp3,0,0,0.01017
/data/SONICS/echoes/mystery_team_2090_Jesse_Futerman_diffrhythm_ATA_001.mp3,0,0,0.01142
/data/SONICS/echoes/My_Body_Is_A_Weapon_Compromise_Edit_Silence_is_full_of_birds_diffrhythm_TTA_002.mp3,0,0,0.03528
/data/SONICS/echoes/Head_of_Ancante_Talking_Tree_Akchamel_The_Giver_of_Illness_mubert_TTA_001.mp3,0,0,0.02162
/data/SONICS/echoes/Stuttgart_Portrayal_brev_TTA_001.mp3,0,0,0.01307
/data/SONICS/echoes/Topam_Twin_Heads_acestep_TTA_001.mp3,0,0,0.948
/data/SONICS/echoes/Norweigian_Wood_II_Bird_Names_diffrhythm_ATA_001.mp3,0,0,0.009895
/data/SONICS/echoes/Ponky_McFonky_My_brother_Daniel_producer_ATA_001.mp3,0,0,0.00819
/data/SONICS/echoes/Fleslit_Fleslit_diffrhythm_ATA_001.mp3,0,0,0.01257
/data/SONICS/echoes/Cloudy_Subway_Sonicbeat_diffrhythm_TTA_001.mp3,0,0,0.01634
/data/SONICS/echoes/Fuckaboing_RoccoW_suno_TTA_002.mp3,0,0,0.01484
/data/SONICS/echoes/Forest_Silence_Serpentarivm_suno_TTA_001.mp3,0,0,0.01738
/data/SONICS/echoes/Stockholm_Syndrome_People_Should_Be_More_Aware_Bird_Names_stableaudio_TTA_001.mp3,0,0,0.01164
/data/SONICS/echoes/Improvisation_Broken_Chord_suno_TTA_001.mp3,0,0,0.013374
/data/SONICS/echoes/The_Dream_and_the_Dreamer_Caleb_Lemond_producer_ATA_001.mp3,0,0,0.009415
/data/SONICS/echoes/Wake_Up_The_Moi_Non_Plus_diffrhythm_TTA_001.mp3,0,0,0.01267
/data/SONICS/echoes/Acoustic_Unleashed_Remain_producer_TTA_001.mp3,0,0,0.012146
/data/SONICS/echoes/Hungry_Oh_Yeah_the_Future_udio_TTA_002.mp3,0,0,0.01243
/data/SONICS/echoes/Roach-Man_Punk_Rock_Opera_acestep_TTA_001.mp3,0,0,0.01322
/data/SONICS/echoes/Hammer_and_a_Nail_Vienna_Ditto_diffrhythm_TTA_001.mp3,0,0,0.00978
/data/SONICS/echoes/Troubles_Ive_seen_Malaventura_udio_TTA_001.mp3,0,0,0.02194
/data/SONICS/echoes/Lovedreams_Oh_Yeah_the_Future_udio_TTA_002.mp3,0,0,0.01201
/data/SONICS/echoes/Lost_Paradise_Autumn_Interlude_diffrhythm_TTA_001.mp3,0,0,0.01307
/data/SONICS/echoes/The_Big_House_Jason_Shaw_diffrhythm_TTA_001.mp3,0,0,0.0347
/data/SONICS/echoes/kolorowe_wody_Katapulto_udio_TTA_002.mp3,0,0,0.0109
/data/SONICS/echoes/Paris_Fleslit_diffrhythm_TTA_001.mp3,0,0,0.011116
/data/SONICS/echoes/OOOTHERSIDE_-_Liquid_Paper_Mike_B._Fort_stableaudio_TTA_001.mp3,0,0,0.01525
/data/SONICS/echoes/Something_Dirty_Ergo_Phizmiz_stableaudio_TTA_001.mp3,0,0,0.01297
/data/SONICS/echoes/If_Youre_Ther_Nicola_Ratti_diffrhythm_TTA_001.mp3,0,0,0.757
/data/SONICS/echoes/Motocross_Mania_Monroeville_Music_Center_suno_TTA_001.mp3,0,0,0.01169
/data/SONICS/echoes/Introduction_beats_Itsensäsyöjät_producer_ATA_001.mp3,0,0,0.011826
/data/SONICS/echoes/Shadow_Government_Bird_Names_brev_TTA_001.mp3,0,0,0.012825
/data/SONICS/echoes/OOOTHERSIDE_-_Liquid_Paper_Mike_B._Fort_udio_TTA_002.mp3,0,0,0.02975
/data/SONICS/echoes/Forest_Silence_Serpentarivm_brev_TTA_002.mp3,0,0,0.01848
/data/SONICS/echoes/All_of_Us_Eric_Skiff_brev_TTA_001.mp3,0,0,0.012825
/data/SONICS/echoes/We_Are_Canucks_David_Blair_suno_TTA_002.mp3,0,0,0.00916
/data/SONICS/echoes/Love_Dream_The_Zombie_Dandies_brev_TTA_002.mp3,0,0,0.011505
/data/SONICS/echoes/Wir_Werden_Gott_Japanische_Kampfhorspiele_suno_TTA_001.mp3,0,0,0.015076
/data/SONICS/echoes/Autopsy_Oh_Yeah_the_Future_mubert_TTA_001.mp3,0,0,0.01653
/data/SONICS/echoes/Jangus_inspired_by_ToeJam_and_Earl_UncleBibby_stableaudio_TTA_001.mp3,0,0,0.01653
/data/SONICS/echoes/Daylight_Savings_My_brother_Daniel_diffrhythm_TTA_001.mp3,0,0,0.01406
/data/SONICS/echoes/1984_Punk_Rock_Opera_producer_ATA_001.mp3,0,0,0.01473
/data/SONICS/echoes/Mandrill_Ergo_Phizmiz_diffrhythm_TTA_001.mp3,0,0,0.013275
/data/SONICS/echoes/Puertas_de_Fuego_Guerra_de_Cerdos_diffrhythm_TTA_001.mp3,0,0,0.014336
/data/SONICS/echoes/Terve_Teille_Чокнутый_Пропеллер_suno_TTA_002.mp3,0,0,0.01445
/data/SONICS/echoes/Lost_Paradise_Autumn_Interlude_suno_TTA_001.mp3,0,0,0.01968
/data/SONICS/echoes/First_Glance_Oh_Yeah_the_Future_diffrhythm_ATA_001.mp3,0,0,0.013275
/data/SONICS/echoes/Breeze_Funk_Malaventura_producer_ATA_001.mp3,0,0,0.02562
/data/SONICS/echoes/Beyond_Luxury_Mors_Ontologica_diffrhythm_TTA_001.mp3,0,0,0.01596
/data/SONICS/echoes/Evil_Cannot_Create_Caleb_Lemond_stableaudio_TTA_001.mp3,0,0,0.014336
/data/SONICS/echoes/Flashback_Seclorance_udio_TTA_001.mp3,0,0,0.01187
/data/SONICS/echoes/danse_macabre_Katapulto_producer_ATA_001.mp3,0,0,0.00888
/data/SONICS/echoes/We_Move_in_Waves_Modey_Lemon_diffrhythm_ATA_001.mp3,0,0,0.01234
/data/SONICS/echoes/On_My_Mind_Ergo_Phizmiz_brev_TTA_001.mp3,0,0,0.015076
/data/SONICS/echoes/Roller_Star_Monroeville_Music_Center_suno_TTA_001.mp3,0,0,0.014114
/data/SONICS/echoes/purity_danger_Katapulto_stableaudio_TTA_001.mp3,0,0,0.01196
/data/SONICS/echoes/Новый_Нью-Йорк_2_Чокнутый_Пропеллер_acestep_TTA_001.mp3,0,0,0.0159
/data/SONICS/echoes/Sea_Monster_The_Crypts_suno_TTA_001.mp3,0,0,0.01456
/data/SONICS/echoes/Dance_of_the_Martians_SynthStep_Edit_Maxim_Kornyshev_diffrhythm_TTA_001.mp3,0,0,0.02606
/data/SONICS/echoes/Enthalpy_Rolemusic_diffrhythm_TTA_001.mp3,0,0,0.01549
/data/SONICS/echoes/SD_Ill_Mix_H-LR_suno_TTA_001.mp3,0,0,0.01423
/data/SONICS/echoes/Where_Is_Everything_The_Moi_Non_Plus_acestep_TTA_001.mp3,0,0,0.01785
/data/SONICS/echoes/Kissing_Scars_Caleb_Lemond_udio_TTA_001.mp3,0,0,0.01752
/data/SONICS/echoes/Solearesbeats_Malaventura_stableaudio_TTA_001.mp3,0,0,0.01423
/data/SONICS/echoes/The_girl_just_faded_Los_Llamarada_brev_TTA_002.mp3,0,0,0.01257
/data/SONICS/echoes/All_of_Us_Eric_Skiff_producer_ATA_001.mp3,0,0,0.008
/data/SONICS/echoes/philcollins_takes_your_hand_Katapulto_suno_TTA_001.mp3,0,0,0.01192
/data/SONICS/echoes/Jangus_inspired_by_ToeJam_and_Earl_UncleBibby_udio_TTA_001.mp3,0,0,0.0139
/data/SONICS/echoes/Only_Instrumental_Broke_For_Free_acestep_TTA_001.mp3,0,0,0.01456
/data/SONICS/echoes/Acoustic_Unleashed_Remain_diffrhythm_ATA_001.mp3,0,0,0.01082
/data/SONICS/echoes/The_Coldest_Winter_Caleb_Lemond_brev_TTA_001.mp3,0,0,0.01495
/data/SONICS/echoes/Robot_Heart_Mystery_Mammal_udio_TTA_001.mp3,0,0,0.009125
/data/SONICS/echoes/Ponky_McFonky_My_brother_Daniel_brev_TTA_001.mp3,0,0,0.01791
/data/SONICS/echoes/Aquamarine_My_Distant_Blue_Nihilore_udio_TTA_002.mp3,0,0,0.01802
/data/SONICS/echoes/Millitary_Industrial_Complex_Punk_Rock_Opera_udio_TTA_002.mp3,0,0,0.0149
/data/SONICS/echoes/The_Pursuit_of_Unintentional_Humor_Oh_Yeah_the_Future_stableaudio_TTA_001.mp3,0,0,0.01744
/data/SONICS/echoes/Realize_Me_Jim_Rooster_brev_TTA_001.mp3,0,0,0.01883
/data/SONICS/echoes/Mosque_Sarin_acestep_TTA_001.mp3,0,0,0.02232
/data/SONICS/echoes/Hammer_and_a_Nail_Vienna_Ditto_brev_TTA_001.mp3,0,0,0.0116
/data/SONICS/echoes/Untitled_Fatal_Injection_stableaudio_TTA_001.mp3,0,0,0.01147
/data/SONICS/echoes/Wake_Up_The_Moi_Non_Plus_diffrhythm_ATA_001.mp3,0,0,0.024
/data/SONICS/echoes/The_Big_House_Jason_Shaw_producer_ATA_001.mp3,0,0,0.01322
/data/SONICS/echoes/Convicted_Jazz_Drones_Malaventura_suno_TTA_002.mp3,0,0,0.01385
/data/SONICS/echoes/Endless_The_Birth_and_Death_of_Silence_diffrhythm_ATA_001.mp3,0,0,0.01987
/data/SONICS/echoes/Norweigian_Wood_II_Bird_Names_producer_TTA_001.mp3,0,0,0.01785
/data/SONICS/echoes/I_Inflammator_diffrhythm_TTA_001.mp3,0,0,0.02272
/data/SONICS/echoes/50000_Volts_of_Democracy_mp3_Legally_Blind_diffrhythm_TTA_001.mp3,0,0,0.01445
/data/SONICS/echoes/Improvisation_Broken_Chord_udio_TTA_001.mp3,0,0,0.01082
/data/SONICS/echoes/March_of_the_GPA_Mechanics_tghost_brev_TTA_001.mp3,0,0,0.01086
/data/SONICS/echoes/SD_Ill_Mix_H-LR_udio_TTA_001.mp3,0,0,0.02834
/data/SONICS/echoes/Celia_Ergo_Phizmiz_producer_ATA_001.mp3,0,0,0.014786
/data/SONICS/echoes/Who_Loves_You_Dear_Mink_Lungs_mubert_TTA_001.mp3,0,0,0.01045
/data/SONICS/echoes/Dance_of_the_Martians_SynthStep_Edit_Maxim_Kornyshev_diffrhythm_ATA_001.mp3,0,0,0.009895
/data/SONICS/echoes/Gila_Monster_FlopMusic_History_LessonThe_Sonics_The_Crypts_producer_ATA_001.mp3,0,0,0.01596
/data/SONICS/echoes/New_Life_take_1_Bird_Names_suno_TTA_001.mp3,0,0,0.02025
/data/SONICS/echoes/Shadow_Government_Bird_Names_brev_TTA_002.mp3,0,0,0.01033
/data/SONICS/echoes/Different_Day_First_brev_TTA_001.mp3,0,0,0.01253
/data/SONICS/echoes/Autopsy_Oh_Yeah_the_Future_brev_TTA_002.mp3,0,0,0.03027
/data/SONICS/echoes/Stuttgart_Portrayal_udio_TTA_002.mp3,0,0,0.010735
/data/SONICS/echoes/Night_Owl_Broke_For_Free_brev_TTA_001.mp3,0,0,0.02518
/data/SONICS/echoes/Wir_Werden_Gott_Japanische_Kampfhorspiele_brev_TTA_001.mp3,0,0,0.01363
/data/SONICS/echoes/Mettle_Pipe_Choir_diffrhythm_ATA_001.mp3,0,0,0.013374
/data/SONICS/echoes/New_Brave_Face_Oh_Yeah_the_Future_diffrhythm_TTA_001.mp3,0,0,0.01622
/data/SONICS/echoes/Autopsy_Oh_Yeah_the_Future_udio_TTA_001.mp3,0,0,0.0116
/data/SONICS/echoes/Robocall_Legally_Blind_diffrhythm_TTA_001.mp3,0,0,0.008316
/data/SONICS/echoes/Solearesbeats_Malaventura_brev_TTA_002.mp3,0,0,0.0195
/data/SONICS/echoes/Transmit_Lamprey_producer_ATA_001.mp3,0,0,0.01129
/data/SONICS/echoes/She_Works_Tepid_Waters_Bird_Names_diffrhythm_ATA_001.mp3,0,0,0.03168
/data/SONICS/echoes/The_Dream_and_the_Dreamer_Caleb_Lemond_brev_TTA_001.mp3,0,0,0.015015
/data/SONICS/echoes/Soul_of_the_Demon_Zombie_Raiders_brev_TTA_001.mp3,0,0,0.01495
/data/SONICS/echoes/Yurtology_Michett_diffrhythm_ATA_001.mp3,0,0,0.01201
/data/SONICS/echoes/SD_Ill_Mix_H-LR_diffrhythm_TTA_001.mp3,0,0,0.0139
/data/SONICS/echoes/You_Are_A_Monster_Monroeville_Music_Center_producer_TTA_001.mp3,0,0,0.01129
/data/SONICS/echoes/You_Are_A_Monster_Monroeville_Music_Center_diffrhythm_TTA_001.mp3,0,0,0.02567
/data/SONICS/echoes/Straw_Fields_Rolemusic_brev_TTA_001.mp3,0,0,0.01567
/data/SONICS/echoes/When_I_Was_Taller_Dan_Deacon_udio_TTA_001.mp3,0,0,0.0139
/data/SONICS/echoes/Lovedreams_Oh_Yeah_the_Future_udio_TTA_001.mp3,0,0,0.01129
/data/SONICS/echoes/When_Will_We_Ever_Learn_Ontayso_acestep_TTA_001.mp3,0,0,0.02182
/data/SONICS/echoes/Different_Day_First_producer_ATA_001.mp3,0,0,0.012726
/data/SONICS/echoes/The_Courtyard_Uncle_Bibby_acestep_TTA_001.mp3,0,0,0.01634
/data/SONICS/echoes/zero_rhythm_dollar_boy_Katapulto_producer_TTA_001.mp3,0,0,0.00895
/data/SONICS/echoes/Edge_Mystery_Mammal_suno_TTA_002.mp3,0,0,0.01243
/data/SONICS/echoes/Ponky_McFonky_My_brother_Daniel_producer_TTA_001.mp3,0,0,0.006985
/data/SONICS/echoes/Resistentialism_Nihilore_producer_ATA_001.mp3,0,0,0.00892
/data/SONICS/echoes/Cold_Chains_Rolemusic_producer_ATA_001.mp3,0,0,0.01053
/data/SONICS/echoes/On_My_Mind_Ergo_Phizmiz_producer_ATA_001.mp3,0,0,0.01142
/data/SONICS/echoes/Lovedreams_Oh_Yeah_the_Future_suno_TTA_001.mp3,0,0,0.01406
/data/SONICS/echoes/Time_Is_Love_Silence_is_full_of_birds_brev_TTA_001.mp3,0,0,0.01401
/data/SONICS/echoes/Crossing_Los_Llamarada_udio_TTA_002.mp3,0,0,0.01791
/data/SONICS/echoes/philcollins_takes_your_hand_Katapulto_stableaudio_TTA_001.mp3,0,0,0.01025
/data/SONICS/echoes/Mettle_Pipe_Choir_mubert_TTA_001.mp3,0,0,0.01495
/data/SONICS/echoes/I_Fell_Mod_Fun_producer_TTA_001.mp3,0,0,0.0112
/data/SONICS/echoes/Topam_Twin_Heads_diffrhythm_ATA_001.mp3,0,0,0.01984
/data/SONICS/echoes/Dr._Bodysnatcher_Modey_Lemon_diffrhythm_TTA_001.mp3,0,0,0.01224
/data/SONICS/echoes/Gila_Monster_FlopMusic_History_LessonThe_Sonics_The_Crypts_udio_TTA_002.mp3,0,0,0.01578
/data/SONICS/echoes/Stockholm_Syndrome_People_Should_Be_More_Aware_Bird_Names_producer_TTA_001.mp3,0,0,0.01666
/data/SONICS/echoes/Kissing_Scars_Caleb_Lemond_diffrhythm_ATA_001.mp3,0,0,0.0056
/data/SONICS/echoes/Millitary_Industrial_Complex_Punk_Rock_Opera_producer_ATA_001.mp3,0,0,0.013374
/data/SONICS/echoes/Okiirobo_Navigation_System_Henry_Homesweet_brev_TTA_001.mp3,0,0,0.01848
/data/SONICS/echoes/KOMFORT_voyageurs_suno_TTA_001.mp3,0,0,0.03912
/data/SONICS/echoes/Jangus_inspired_by_ToeJam_and_Earl_UncleBibby_udio_TTA_002.mp3,0,0,0.01238
/data/SONICS/echoes/My_Body_Is_A_Weapon_Compromise_Edit_Silence_is_full_of_birds_diffrhythm_ATA_001.mp3,0,0,0.01467
/data/SONICS/echoes/Set_Fire_to_Creation_Nihilore_diffrhythm_TTA_001.mp3,0,0,0.01187
/data/SONICS/echoes/Motocross_Mania_Monroeville_Music_Center_acestep_TTA_001.mp3,0,0,0.0121
/data/SONICS/echoes/Roller_Star_Monroeville_Music_Center_stableaudio_TTA_001.mp3,0,0,0.01049
/data/SONICS/echoes/The_Cave_of_Time_Monroeville_Music_Center_udio_TTA_002.mp3,0,0,0.0109
/data/SONICS/echoes/SD_Ill_Mix_H-LR_acestep_TTA_001.mp3,0,0,0.011505
/data/SONICS/echoes/Attention_Pete_Prodoehl_stableaudio_TTA_001.mp3,0,0,0.01428
/data/SONICS/echoes/Liberation_is_not_Easy_Frigg_A_Go_Go_F.A.G.G._diffrhythm_TTA_001.mp3,0,0,0.01095
/data/SONICS/echoes/Take_Your_Fingers_Michael_Fakesch_producer_TTA_001.mp3,0,0,0.0159
/data/SONICS/echoes/Morning_Bell_Nihilore_diffrhythm_ATA_001.mp3,0,0,0.01041
/data/SONICS/echoes/Digital_Lightning_Cloudkicker_diffrhythm_TTA_001.mp3,0,0,0.01778
/data/SONICS/echoes/Track_04_Lightning_Bolt_udio_TTA_002.mp3,0,0,0.01935
/data/SONICS/echoes/I_Nocturnal_Mayhem_diffrhythm_ATA_001.mp3,0,0,0.01772
/data/SONICS/echoes/Wir_Werden_Gott_Japanische_Kampfhorspiele_udio_TTA_001.mp3,0,0,0.01219
/data/SONICS/echoes/On_My_Mind_Ergo_Phizmiz_diffrhythm_TTA_001.mp3,0,0,0.00997
/data/SONICS/echoes/Millitary_Industrial_Complex_Punk_Rock_Opera_suno_TTA_001.mp3,0,0,0.01243
/data/SONICS/echoes/The_Reality_Machine_Monroeville_Music_Center_stableaudio_TTA_002.mp3,0,0,0.01333
/data/SONICS/echoes/Autobahn_S-B-J_stableaudio_TTA_001.mp3,0,0,0.01738
/data/SONICS/echoes/mc_trabalenguas_Volumina_diffrhythm_ATA_001.mp3,0,0,0.0395
/data/SONICS/echoes/Tartu_Tähän_Hetkeen_Paavoharju_diffrhythm_TTA_001.mp3,0,0,0.013275
/data/SONICS/echoes/Roach-Man_Punk_Rock_Opera_stableaudio_TTA_001.mp3,0,0,0.0139
/data/SONICS/echoes/danse_macabre_Katapulto_diffrhythm_ATA_001.mp3,0,0,0.015015
/data/SONICS/echoes/Roland_Garros_2048_Zoliborz_udio_TTA_002.mp3,0,0,0.00819
/data/SONICS/echoes/OST_04_Ship_under_attack_sawsquarenoise_suno_TTA_002.mp3,0,0,0.01277
/data/SONICS/echoes/Time_Is_Love_Silence_is_full_of_birds_acestep_TTA_001.mp3,0,0,0.011734
/data/SONICS/echoes/Improvisation_Broken_Chord_acestep_TTA_001.mp3,0,0,0.1355
/data/SONICS/echoes/Nostalgia_Malaventura_acestep_TTA_001.mp3,0,0,0.01219
/data/SONICS/echoes/Ohtli_Seclorance_udio_TTA_001.mp3,0,0,0.01061
/data/SONICS/echoes/Leaving_Here_Mod_Fun_diffrhythm_TTA_001.mp3,0,0,0.02133
/data/SONICS/echoes/2Much_Andy_Spinelli_Alex_Sánchez_House_Edit_Tentacles_acestep_TTA_001.mp3,0,0,0.013794
/data/SONICS/echoes/Running_Free_Michett_featuring_Kalipluche_brev_TTA_002.mp3,0,0,0.0173
/data/SONICS/echoes/Roland_Garros_2048_Zoliborz_producer_TTA_001.mp3,0,0,0.011246
/data/SONICS/echoes/Invaders_From_Within_Monroeville_Music_Center_diffrhythm_ATA_001.mp3,0,0,0.01659
/data/SONICS/echoes/Hungry_Oh_Yeah_the_Future_producer_ATA_001.mp3,0,0,0.01467
/data/SONICS/echoes/Roundtrip_Oh_Yeah_the_Future_producer_TTA_001.mp3,0,0,0.01107
/data/SONICS/echoes/Attention_Pete_Prodoehl_udio_TTA_001.mp3,0,0,0.013535
/data/SONICS/echoes/LIQUID_SKULLS_voyageurs_stableaudio_TTA_001.mp3,0,0,0.01248
/data/SONICS/echoes/Dance_Harder_Three_Chain_Links_udio_TTA_001.mp3,0,0,0.007755
/data/SONICS/echoes/Roland_Garros_2048_Zoliborz_mubert_TTA_001.mp3,0,0,0.012726
/data/SONICS/echoes/OST_04_Ship_under_attack_sawsquarenoise_mubert_TTA_001.mp3,0,0,0.014336
/data/SONICS/echoes/mystery_team_2090_Jesse_Futerman_producer_TTA_001.mp3,0,0,0.02795
/data/SONICS/echoes/2_Wasnt_There_Isle_of_Pine_brev_TTA_001.mp3,0,0,0.014175
/data/SONICS/echoes/Tartu_Tähän_Hetkeen_Paavoharju_acestep_TTA_001.mp3,0,0,0.01406
/data/SONICS/echoes/Celia_Ergo_Phizmiz_producer_TTA_001.mp3,0,0,0.0156
/data/SONICS/echoes/Redlight_Room_For_A_Ghost_acestep_TTA_001.mp3,0,0,0.01238
/data/SONICS/echoes/We_Move_in_Waves_Modey_Lemon_diffrhythm_TTA_001.mp3,0,0,0.02452
/data/SONICS/echoes/OOOTHERSIDE_-_Liquid_Paper_Mike_B._Fort_acestep_TTA_001.mp3,0,0,0.01312
/data/SONICS/echoes/Roach-Man_Punk_Rock_Opera_producer_ATA_001.mp3,0,0,0.01322
/data/SONICS/echoes/Новый_Нью-Йорк_2_Чокнутый_Пропеллер_producer_ATA_001.mp3,0,0,0.013535
/data/SONICS/echoes/Lady_Love_Parsley_Flakes_stableaudio_TTA_001.mp3,0,0,0.01622
/data/SONICS/echoes/Forest_Silence_Serpentarivm_mubert_TTA_001.mp3,0,0,0.04715
/data/SONICS/echoes/Hammer_and_a_Nail_Vienna_Ditto_suno_TTA_001.mp3,0,0,0.014175
/data/SONICS/echoes/Busby_Berkeley_Ergo_Phizmiz_diffrhythm_TTA_001.mp3,0,0,0.012726
/data/SONICS/echoes/CopperNickle_UncleBibby_acestep_TTA_001.mp3,0,0,0.01277
/data/SONICS/echoes/Mandrill_Ergo_Phizmiz_udio_TTA_002.mp3,0,0,0.01099
/data/SONICS/echoes/some_dextromethorphan_Jeva_acestep_TTA_001.mp3,0,0,0.0231
/data/SONICS/echoes/The_Race_Forever_Monroeville_Music_Center_diffrhythm_ATA_001.mp3,0,0,0.01646
/data/SONICS/echoes/Noam_Chomskys_Corporate_Carbohydrate_Surprise_Quelle_Fromage_brev_TTA_002.mp3,0,0,0.00997
/data/SONICS/echoes/Fuckaboing_RoccoW_stableaudio_TTA_001.mp3,0,0,0.01041
/data/SONICS/echoes/Autopsy_Oh_Yeah_the_Future_udio_TTA_002.mp3,0,0,0.014114
/data/SONICS/echoes/Empty_Pockets_Pete_Prodoehl_udio_TTA_002.mp3,0,0,0.0159
/data/SONICS/echoes/Love_Dream_The_Zombie_Dandies_suno_TTA_002.mp3,0,0,0.01888
/data/SONICS/echoes/Five_40_DerbySlow_Whistle_The_Crypts_diffrhythm_ATA_001.mp3,0,0,0.03494
/data/SONICS/echoes/We_Misplaced_A_Cobra_In_the_Uninhabitable_Mansions_Uninhabitable_Mansions_stableaudio_TTA_001.mp3,0,0,0.01834
/data/SONICS/echoes/Fuckaboing_RoccoW_udio_TTA_002.mp3,0,0,0.011826
/data/SONICS/echoes/OOOTHERSIDE_-_This_Time_Mike_B._Fort_stableaudio_TTA_001.mp3,0,0,0.011826
/data/SONICS/echoes/El_Burrito_Malaventura_diffrhythm_TTA_001.mp3,0,0,0.008
/data/SONICS/echoes/Go_On_Then_Jim_Rooster_suno_TTA_001.mp3,0,0,0.01385
/data/SONICS/echoes/Ynkelig_Die_Morgendammerung_Des_Valhalla_diffrhythm_TTA_001.mp3,0,0,0.0139
/data/SONICS/echoes/mystery_team_2090_Jesse_Futerman_diffrhythm_TTA_001.mp3,0,0,0.0369
/data/SONICS/echoes/mc_trabalenguas_Volumina_producer_ATA_001.mp3,0,0,0.009895
/data/SONICS/echoes/Killing_Bosses_Gumbel_diffrhythm_ATA_001.mp3,0,0,0.01778
/data/SONICS/echoes/kolorowe_wody_Katapulto_mubert_TTA_001.mp3,0,0,0.02069
/data/SONICS/echoes/Moontime_The_IMG_stableaudio_TTA_001.mp3,0,0,0.01385
/data/SONICS/echoes/Resistentialism_Nihilore_mubert_TTA_001.mp3,0,0,0.01567
/data/SONICS/echoes/I_Fell_Mod_Fun_udio_TTA_002.mp3,0,0,0.00919
/data/SONICS/echoes/Transmit_Lamprey_diffrhythm_ATA_001.mp3,0,0,0.01698
/data/SONICS/echoes/Autobahn_S-B-J_suno_TTA_002.mp3,0,0,0.01164
/data/SONICS/echoes/Troubles_Ive_seen_Malaventura_producer_TTA_001.mp3,0,0,0.01333
/data/SONICS/echoes/Wir_Werden_Gott_Japanische_Kampfhorspiele_stableaudio_TTA_001.mp3,0,0,0.01302
/data/SONICS/echoes/End_of_the_Line_H-LR_diffrhythm_TTA_001.mp3,0,0,0.012924
/data/SONICS/echoes/Johnny_I_Lie_The_Moi_Non_Plus_suno_TTA_002.mp3,0,0,0.00974
/data/SONICS/echoes/Head_of_Ancante_Talking_Tree_Akchamel_The_Giver_of_Illness_udio_TTA_001.mp3,0,0,0.01554
/data/SONICS/echoes/CopperNickle_UncleBibby_producer_TTA_001.mp3,0,0,0.008156
/data/SONICS/echoes/Empower_Thee_vargero_producer_ATA_001.mp3,0,0,0.014114
/data/SONICS/echoes/All_of_Us_Eric_Skiff_stableaudio_TTA_001.mp3,0,0,0.01456
/data/SONICS/echoes/Transmit_Lamprey_udio_TTA_002.mp3,0,0,0.01164
/data/SONICS/echoes/purity_danger_Katapulto_udio_TTA_001.mp3,0,0,0.01823
/data/SONICS/echoes/Authenticity_Nihilore_diffrhythm_ATA_001.mp3,0,0,0.05698
/data/SONICS/echoes/Ponky_McFonky_My_brother_Daniel_acestep_TTA_001.mp3,0,0,0.0159
/data/SONICS/echoes/Strongbreeze_Rowan_Box_acestep_TTA_001.mp3,0,0,0.01229
/data/SONICS/echoes/Terve_Teille_Чокнутый_Пропеллер_producer_ATA_001.mp3,0,0,0.01359
/data/SONICS/echoes/Track_04_Lightning_Bolt_suno_TTA_002.mp3,0,0,0.02109
/data/SONICS/echoes/The_Queen_Malaventura_diffrhythm_ATA_001.mp3,0,0,0.01653
/data/SONICS/echoes/Infinite_Light_Pipe_Choir_brev_TTA_001.mp3,0,0,0.0145
/data/SONICS/echoes/Scape_from_the_city_Rolemusic_diffrhythm_ATA_001.mp3,0,0,0.03635
/data/SONICS/echoes/Colossal_Stillness_Scott_Holmes_producer_TTA_001.mp3,0,0,0.012054
/data/SONICS/echoes/Scramby_Eggs_Andy_G._Cohen_suno_TTA_002.mp3,0,0,0.01456
/data/SONICS/echoes/The_Boss_Multifaros_diffrhythm_ATA_001.mp3,0,0,0.0164
/data/SONICS/echoes/Love_Dream_The_Zombie_Dandies_mubert_TTA_001.mp3,0,0,0.01013
/data/SONICS/echoes/The_plot_Malaventura_stableaudio_TTA_001.mp3,0,0,0.01467
/data/SONICS/echoes/Take_Your_Fingers_Michael_Fakesch_acestep_TTA_001.mp3,0,0,0.00986
/data/SONICS/echoes/Puertas_de_Fuego_Guerra_de_Cerdos_diffrhythm_ATA_001.mp3,0,0,0.01543
/data/SONICS/echoes/Dreams_ENDRUDARK_diffrhythm_ATA_001.mp3,0,0,0.0139
/data/SONICS/echoes/Daylight_Savings_My_brother_Daniel_stableaudio_TTA_001.mp3,0,0,0.05032
/data/SONICS/echoes/The_Front_Yard_HarleyLikesMusic_mubert_TTA_001.mp3,0,0,0.01513
/data/SONICS/echoes/You_Are_A_Monster_Monroeville_Music_Center_suno_TTA_002.mp3,0,0,0.02834
/data/SONICS/echoes/Night_Owl_Broke_For_Free_udio_TTA_002.mp3,0,0,0.0225
/data/SONICS/echoes/Lost_Paradise_Autumn_Interlude_suno_TTA_002.mp3,0,0,0.01578
/data/SONICS/echoes/Jangus_inspired_by_ToeJam_and_Earl_UncleBibby_suno_TTA_002.mp3,0,0,0.01053
/data/SONICS/echoes/Running_Free_Michett_featuring_Kalipluche_diffrhythm_TTA_001.mp3,0,0,0.0093
/data/SONICS/echoes/Daylight_Savings_My_brother_Daniel_diffrhythm_ATA_001.mp3,0,0,0.01363
/data/SONICS/echoes/Ugly_Vienna_Ditto_acestep_TTA_001.mp3,0,0,0.0193
/data/SONICS/echoes/Stuttgart_Portrayal_suno_TTA_001.mp3,0,0,0.03186
/data/SONICS/echoes/2Much_Andy_Spinelli_Alex_Sánchez_House_Edit_Tentacles_diffrhythm_TTA_001.mp3,0,0,0.014114
/data/SONICS/echoes/Little_Fingers_Vienna_Ditto_diffrhythm_ATA_001.mp3,0,0,0.013535
/data/SONICS/echoes/Black_Panda_The_Crypts_stableaudio_TTA_001.mp3,0,0,0.0139
/data/SONICS/echoes/Coliidae_K.D._Expression_udio_TTA_001.mp3,0,0,0.01009
/data/SONICS/echoes/Shipwrecked_Crew_Pete_Prodoehl_diffrhythm_TTA_001.mp3,0,0,0.01543
/data/SONICS/echoes/The_Front_Yard_HarleyLikesMusic_brev_TTA_001.mp3,0,0,0.9634
/data/SONICS/echoes/Lost_Paradise_Autumn_Interlude_brev_TTA_001.mp3,0,0,0.014336
/data/SONICS/echoes/Coliidae_K.D._Expression_suno_TTA_001.mp3,0,0,0.013374
/data/SONICS/echoes/LIQUID_SKULLS_voyageurs_suno_TTA_001.mp3,0,0,0.02263
/data/SONICS/echoes/Autobahn_S-B-J_producer_ATA_001.mp3,0,0,0.01462
/data/SONICS/echoes/Dance_Harder_Three_Chain_Links_producer_TTA_001.mp3,0,0,0.01622
/data/SONICS/echoes/Ugh_Humans_Can_Join_Mystery_Mammal_suno_TTA_001.mp3,0,0,0.01423
/data/SONICS/echoes/gospellioza_Katapulto_brev_TTA_002.mp3,0,0,0.008255
/data/SONICS/echoes/gospellioza_Katapulto_producer_ATA_001.mp3,0,0,0.01001
/data/SONICS/echoes/Gila_Monster_FlopMusic_History_LessonThe_Sonics_The_Crypts_diffrhythm_TTA_001.mp3,0,0,0.02452
/data/SONICS/echoes/Autobahn_S-B-J_producer_TTA_001.mp3,0,0,0.00938
/data/SONICS/echoes/Aquamarine_My_Distant_Blue_Nihilore_udio_TTA_001.mp3,0,0,0.0121
/data/SONICS/echoes/Formic_Acid_for_Blood_Punk_Rock_Opera_producer_TTA_001.mp3,0,0,0.01238
/data/SONICS/echoes/Clay_Heart_Nihilore_brev_TTA_002.mp3,0,0,0.01628
/data/SONICS/echoes/Improvisation_Broken_Chord_udio_TTA_002.mp3,0,0,0.0112
/data/SONICS/echoes/Кортни_Лав_Чокнутый_Пропеллер_acestep_TTA_001.mp3,0,0,0.014336
/data/SONICS/echoes/The_plot_Malaventura_diffrhythm_ATA_001.mp3,0,0,0.01622
/data/SONICS/echoes/Dance_of_the_Martians_SynthStep_Edit_Maxim_Kornyshev_acestep_TTA_001.mp3,0,0,0.01724
/data/SONICS/echoes/Spanish_BEEEYYAAACHHH_Malaventura_brev_TTA_002.mp3,0,0,0.01192
/data/SONICS/echoes/Robot_Heart_Mystery_Mammal_stableaudio_TTA_001.mp3,0,0,0.01312
/data/SONICS/echoes/Improvisation_Broken_Chord_diffrhythm_ATA_001.mp3,0,0,0.02866
/data/SONICS/echoes/LIQUID_SKULLS_voyageurs_udio_TTA_001.mp3,0,0,0.013374
/data/SONICS/echoes/Busby_Berkeley_Ergo_Phizmiz_brev_TTA_002.mp3,0,0,0.01013
/data/SONICS/echoes/Go_On_Then_Jim_Rooster_diffrhythm_TTA_001.mp3,0,0,0.01738
/data/SONICS/echoes/Mandrill_Ergo_Phizmiz_stableaudio_TTA_001.mp3,0,0,0.0173
/data/SONICS/echoes/Food_and_War_Ergo_Phizmiz_diffrhythm_TTA_001.mp3,0,0,0.009895
/data/SONICS/echoes/Seppuku_Bot_Decktonic_suno_TTA_002.mp3,0,0,0.1804
/data/SONICS/echoes/Seppuku_Bot_Decktonic_acestep_TTA_001.mp3,0,0,0.01116
/data/SONICS/echoes/I_Dream_So_Vividly_Uninhabitable_Mansions_mubert_TTA_001.mp3,0,0,0.01554
/data/SONICS/echoes/1984_Punk_Rock_Opera_diffrhythm_ATA_001.mp3,0,0,0.01865
/data/SONICS/echoes/kolorowe_wody_Katapulto_producer_TTA_001.mp3,0,0,0.01302
/data/SONICS/echoes/First_Glance_Oh_Yeah_the_Future_brev_TTA_002.mp3,0,0,0.02591
/data/SONICS/echoes/1984_Punk_Rock_Opera_mubert_TTA_001.mp3,0,0,0.01333
/data/SONICS/echoes/Take_Your_Fingers_Michael_Fakesch_suno_TTA_001.mp3,0,0,0.01698
/data/SONICS/echoes/The_Coldest_Winter_Caleb_Lemond_producer_ATA_001.mp3,0,0,0.01851
/data/SONICS/echoes/Fuckaboing_RoccoW_producer_ATA_001.mp3,0,0,0.3667
/data/SONICS/echoes/Clay_Heart_Nihilore_producer_ATA_001.mp3,0,0,0.01659
/data/SONICS/echoes/Nature_Is_Over_Defined_Bird_Names_mubert_TTA_001.mp3,0,0,0.01312
/data/SONICS/echoes/Fuckaboing_RoccoW_brev_TTA_001.mp3,0,0,0.0139
/data/SONICS/echoes/Cold_Chains_Rolemusic_mubert_TTA_001.mp3,0,0,0.01078
/data/SONICS/echoes/Little_Fingers_Vienna_Ditto_diffrhythm_TTA_001.mp3,0,0,0.0109
/data/SONICS/echoes/Soul_of_the_Demon_Zombie_Raiders_producer_ATA_001.mp3,0,0,0.0359
/data/SONICS/echoes/Nostalgia_Malaventura_stableaudio_TTA_001.mp3,0,0,0.01302
/data/SONICS/echoes/Shadow_Government_Bird_Names_diffrhythm_TTA_001.mp3,0,0,0.01848
/data/SONICS/echoes/Terve_Teille_Чокнутый_Пропеллер_suno_TTA_001.mp3,0,0,0.0139
/data/SONICS/echoes/LIQUID_SKULLS_voyageurs_producer_TTA_001.mp3,0,0,0.01169
/data/SONICS/echoes/The_Monster_MashYa_Look_Fantastic_The_Crypts_diffrhythm_TTA_001.mp3,0,0,0.01924
/data/SONICS/echoes/Sea_Monster_The_Crypts_brev_TTA_002.mp3,0,0,0.01187
/data/SONICS/echoes/Convicted_Jazz_Drones_Malaventura_brev_TTA_001.mp3,0,0,0.03574
/data/SONICS/echoes/I_Fell_Mod_Fun_suno_TTA_001.mp3,0,0,0.011505
/data/SONICS/echoes/The_Race_Forever_Monroeville_Music_Center_suno_TTA_002.mp3,0,0,0.00956
/data/SONICS/echoes/Sheffield_Hall_Andy_G._Cohen_diffrhythm_ATA_001.mp3,0,0,0.01053
/data/SONICS/echoes/Dance_Harder_Three_Chain_Links_brev_TTA_002.mp3,0,0,0.00819
/data/SONICS/echoes/She_Works_Tepid_Waters_Bird_Names_diffrhythm_TTA_001.mp3,0,0,0.01103
/data/SONICS/echoes/I_Nocturnal_Mayhem_udio_TTA_002.mp3,0,0,0.01041
/data/SONICS/echoes/Transmit_Lamprey_diffrhythm_TTA_001.mp3,0,0,0.01057
/data/SONICS/echoes/End_titles_Itsensäsyöjät_diffrhythm_TTA_001.mp3,0,0,0.011375
/data/SONICS/echoes/Hammer_and_a_Nail_Vienna_Ditto_producer_ATA_001.mp3,0,0,0.01021
/data/SONICS/echoes/zero_rhythm_dollar_boy_Katapulto_stableaudio_TTA_001.mp3,0,0,0.95
/data/SONICS/echoes/Hungry_Oh_Yeah_the_Future_brev_TTA_002.mp3,0,0,0.01616
/data/SONICS/echoes/Seppuku_Bot_Decktonic_stableaudio_TTA_001.mp3,0,0,0.01234
/data/SONICS/echoes/Running_Free_Michett_featuring_Kalipluche_mubert_TTA_001.mp3,0,0,0.013954
/data/SONICS/echoes/Clay_Heart_Nihilore_mubert_TTA_001.mp3,0,0,0.01894
/data/SONICS/echoes/Roundtrip_Oh_Yeah_the_Future_udio_TTA_002.mp3,0,0,0.014336
/data/SONICS/echoes/November_25_2007_Kenneth_Kirschner_suno_TTA_001.mp3,0,0,0.01257
/data/SONICS/echoes/Tapes_Gumbel_diffrhythm_ATA_001.mp3,0,0,0.01685
/data/SONICS/echoes/Roller_Star_Monroeville_Music_Center_brev_TTA_001.mp3,0,0,0.01229
/data/SONICS/echoes/Ad_Astra_P_C_III_brev_TTA_002.mp3,0,0,0.01772
/data/SONICS/echoes/2_Wasnt_There_Isle_of_Pine_udio_TTA_001.mp3,0,0,0.01439
/data/SONICS/echoes/Okiirobo_Navigation_System_Henry_Homesweet_mubert_TTA_001.mp3,0,0,0.01263
/data/SONICS/echoes/Autobahn_S-B-J_udio_TTA_002.mp3,0,0,0.01017
/data/SONICS/echoes/Formic_Acid_for_Blood_Punk_Rock_Opera_udio_TTA_002.mp3,0,0,0.01001
/data/SONICS/echoes/KOMFORT_voyageurs_producer_TTA_001.mp3,0,0,0.015366
/data/SONICS/echoes/Rumble_Railkid_Station_diffrhythm_ATA_001.mp3,0,0,0.03235
/data/SONICS/echoes/All_of_Us_Eric_Skiff_mubert_TTA_001.mp3,0,0,0.010735
/data/SONICS/echoes/On_My_Mind_Ergo_Phizmiz_udio_TTA_001.mp3,0,0,0.01302
/data/SONICS/echoes/The_Boss_Multifaros_acestep_TTA_001.mp3,0,0,0.01103
/data/SONICS/echoes/The_Cave_of_Time_Monroeville_Music_Center_diffrhythm_TTA_001.mp3,0,0,0.1236
/data/SONICS/echoes/Sfogare_Il_Dissenso_Deiezione_HC_stableaudio_TTA_001.mp3,0,0,0.01374
/data/SONICS/echoes/Robocall_Legally_Blind_stableaudio_TTA_001.mp3,0,0,0.01596
/data/SONICS/echoes/Flashback_Seclorance_diffrhythm_TTA_001.mp3,0,0,0.0258
/data/SONICS/echoes/We_Move_in_Waves_Modey_Lemon_udio_TTA_002.mp3,0,0,0.01359
/data/SONICS/echoes/kolorowe_wody_Katapulto_acestep_TTA_001.mp3,0,0,0.0139
/data/SONICS/echoes/The_plot_Malaventura_producer_TTA_001.mp3,0,0,0.01253
/data/SONICS/echoes/Yurtology_Michett_acestep_TTA_001.mp3,0,0,0.01196
/data/SONICS/echoes/purity_danger_Katapulto_udio_TTA_002.mp3,0,0,0.01229
/data/SONICS/echoes/Digital_Lightning_Cloudkicker_udio_TTA_001.mp3,0,0,0.0109
/data/SONICS/echoes/Introduction_beats_Itsensäsyöjät_suno_TTA_002.mp3,0,0,0.01263
/data/SONICS/echoes/Scramby_Eggs_Andy_G._Cohen_udio_TTA_002.mp3,0,0,0.011826
/data/SONICS/echoes/Mountain_Mist_Modey_Lemon_acestep_TTA_001.mp3,0,0,0.014175
/data/SONICS/echoes/Mountain_Mist_Modey_Lemon_diffrhythm_TTA_001.mp3,0,0,0.02158
/data/SONICS/echoes/Slow_and_Steady_Caleb_Lemond_diffrhythm_ATA_001.mp3,0,0,0.0173
/data/SONICS/echoes/Reagan_Shut_Down_the_Asylums_Punk_Rock_Opera_acestep_TTA_001.mp3,0,0,0.01025
/data/SONICS/echoes/The_Big_House_Jason_Shaw_producer_TTA_001.mp3,0,0,0.013374
/data/SONICS/echoes/Robocall_Legally_Blind_suno_TTA_002.mp3,0,0,0.011246
/data/SONICS/echoes/I_Inflammator_acestep_TTA_001.mp3,0,0,0.014175
/data/SONICS/echoes/Dont_want_to_be_your_man_Frigg_A_Go_Go_F.A.G.G._acestep_TTA_001.mp3,0,0,0.01602
/data/SONICS/echoes/Okiirobo_Navigation_System_Henry_Homesweet_suno_TTA_001.mp3,0,0,0.01602
/data/SONICS/echoes/Agora_Malaventura_acestep_TTA_001.mp3,0,0,0.0171
/data/SONICS/echoes/3_am_West_End_statusq_diffrhythm_ATA_001.mp3,0,0,0.02386
/data/SONICS/echoes/The_Reality_Machine_Monroeville_Music_Center_diffrhythm_ATA_001.mp3,0,0,0.00923
/data/SONICS/echoes/Formic_Acid_for_Blood_Punk_Rock_Opera_brev_TTA_001.mp3,0,0,0.01738
/data/SONICS/echoes/Infinite_Light_Pipe_Choir_brev_TTA_002.mp3,0,0,0.015305
/data/SONICS/echoes/Acoustic_Unleashed_Remain_diffrhythm_TTA_001.mp3,0,0,0.01976
/data/SONICS/echoes/I_Close_My_Eyes_Miss_Derringer_diffrhythm_TTA_001.mp3,0,0,0.0277
/data/SONICS/echoes/Crossing_Los_Llamarada_brev_TTA_002.mp3,0,0,0.01406
/data/SONICS/echoes/Improvisation_Broken_Chord_producer_TTA_001.mp3,0,0,0.1492
/data/SONICS/echoes/Slow_and_Steady_Caleb_Lemond_stableaudio_TTA_001.mp3,0,0,0.01567
/data/SONICS/echoes/Hungry_Oh_Yeah_the_Future_diffrhythm_TTA_001.mp3,0,0,0.0161
/data/SONICS/echoes/1984_Punk_Rock_Opera_stableaudio_TTA_001.mp3,0,0,0.01302
/data/SONICS/echoes/Only_Instrumental_Broke_For_Free_udio_TTA_002.mp3,0,0,0.02513
/data/SONICS/echoes/KISS_my_Boots_The_Zombie_Dandies_diffrhythm_TTA_001.mp3,0,0,0.01439
/data/SONICS/echoes/Music_For_an_Underground_Circu_Ergo_Phizmiz_udio_TTA_001.mp3,0,0,0.011246
/data/SONICS/echoes/Daylight_Savings_My_brother_Daniel_udio_TTA_001.mp3,0,0,0.01021
/data/SONICS/echoes/A_Lady_In_Red_With_A_Plan_To_Steal_Did_You_Just_Hex_Me_acestep_TTA_001.mp3,0,0,0.0193
/data/SONICS/echoes/Time_Is_Love_Silence_is_full_of_birds_stableaudio_TTA_001.mp3,0,0,0.0159
/data/SONICS/echoes/Aquamarine_My_Distant_Blue_Nihilore_mubert_TTA_001.mp3,0,0,0.02347
/data/SONICS/echoes/Different_Day_First_suno_TTA_002.mp3,0,0,0.01248
/data/SONICS/echoes/New_Life_take_1_Bird_Names_diffrhythm_TTA_001.mp3,0,0,0.01147
/data/SONICS/echoes/Cold_Chains_Rolemusic_brev_TTA_001.mp3,0,0,0.01155
/data/SONICS/echoes/Celia_Ergo_Phizmiz_mubert_TTA_001.mp3,0,0,0.01484
/data/SONICS/echoes/Nose_DUSTdevils_acestep_TTA_001.mp3,0,0,0.05127
/data/SONICS/echoes/Soul_of_the_Demon_Zombie_Raiders_diffrhythm_TTA_001.mp3,0,0,0.0112
/data/SONICS/echoes/The_girl_just_faded_Los_Llamarada_producer_TTA_001.mp3,0,0,0.0195
/data/SONICS/echoes/Johnny_I_Lie_The_Moi_Non_Plus_diffrhythm_ATA_001.mp3,0,0,0.011246
/data/SONICS/echoes/Night_Drive_Decktonic_diffrhythm_ATA_001.mp3,0,0,0.0281
/data/SONICS/echoes/Sfogare_Il_Dissenso_Deiezione_HC_diffrhythm_ATA_001.mp3,0,0,0.0173
/data/SONICS/echoes/Running_Free_Michett_featuring_Kalipluche_brev_TTA_001.mp3,0,0,0.02988
/data/SONICS/echoes/We_Move_in_Waves_Modey_Lemon_suno_TTA_001.mp3,0,0,0.00916
/data/SONICS/echoes/Different_Day_First_mubert_TTA_001.mp3,0,0,0.01685
/data/SONICS/echoes/Forest_Silence_Serpentarivm_udio_TTA_002.mp3,0,0,0.01322
/data/SONICS/echoes/Clay_Heart_Nihilore_suno_TTA_002.mp3,0,0,0.01883
/data/SONICS/echoes/I_Dream_So_Vividly_Uninhabitable_Mansions_diffrhythm_TTA_001.mp3,0,0,0.01659
/data/SONICS/echoes/Transmit_Lamprey_suno_TTA_002.mp3,0,0,0.01348
/data/SONICS/echoes/Formic_Acid_for_Blood_Punk_Rock_Opera_suno_TTA_001.mp3,0,0,0.01359
/data/SONICS/echoes/Vanishing_Horizon_Jason_Shaw_udio_TTA_001.mp3,0,0,0.01549
/data/SONICS/echoes/Happy_Lamprey_diffrhythm_TTA_001.mp3,0,0,0.011826
/data/SONICS/echoes/Sheffield_Hall_Andy_G._Cohen_acestep_TTA_001.mp3,0,0,0.01001
/data/SONICS/echoes/Roller_Star_Monroeville_Music_Center_producer_ATA_001.mp3,0,0,0.00934
/data/SONICS/echoes/New_Brave_Face_Oh_Yeah_the_Future_stableaudio_TTA_002.mp3,0,0,0.01333
/data/SONICS/echoes/Voxel_Andy_G._Cohen_diffrhythm_ATA_001.mp3,0,0,0.01854
/data/SONICS/echoes/Acoustic_Unleashed_Remain_suno_TTA_001.mp3,0,0,0.01234
/data/SONICS/echoes/Spanish_BEEEYYAAACHHH_Malaventura_diffrhythm_ATA_001.mp3,0,0,0.01543
/data/SONICS/echoes/All_of_Us_Eric_Skiff_udio_TTA_002.mp3,0,0,0.00835
/data/SONICS/echoes/I_Inflammator_brev_TTA_001.mp3,0,0,0.01646
/data/SONICS/echoes/Roundtrip_Oh_Yeah_the_Future_brev_TTA_001.mp3,0,0,0.014786
/data/SONICS/echoes/When_Will_We_Ever_Learn_Ontayso_diffrhythm_TTA_001.mp3,0,0,0.01837
/data/SONICS/echoes/Convicted_Jazz_Drones_Malaventura_mubert_TTA_001.mp3,0,0,0.05664
/data/SONICS/echoes/WET_DREAMS_voyageurs_stableaudio_TTA_001.mp3,0,0,0.01401
/data/SONICS/echoes/Digital_Lightning_Cloudkicker_stableaudio_TTA_001.mp3,0,0,0.01554
/data/SONICS/echoes/Running_Free_Michett_featuring_Kalipluche_suno_TTA_001.mp3,0,0,0.01243
/data/SONICS/echoes/Robot_Heart_Mystery_Mammal_diffrhythm_ATA_001.mp3,0,0,0.01406
/data/SONICS/echoes/Seppuku_Bot_Decktonic_producer_ATA_001.mp3,0,0,0.009056
/data/SONICS/echoes/LIQUID_SKULLS_voyageurs_udio_TTA_002.mp3,0,0,0.015015
/data/SONICS/echoes/OOOTHERSIDE_-_This_Time_Mike_B._Fort_udio_TTA_002.mp3,0,0,0.011116
/data/SONICS/echoes/The_Coldest_Winter_Caleb_Lemond_suno_TTA_002.mp3,0,0,0.01359
/data/SONICS/echoes/Aquamarine_My_Distant_Blue_Nihilore_suno_TTA_001.mp3,0,0,0.01317
/data/SONICS/echoes/A_Dark_Blue_Arc_Pipe_Choir_diffrhythm_TTA_001.mp3,0,0,0.01924
/data/SONICS/echoes/Attention_Pete_Prodoehl_producer_TTA_001.mp3,0,0,0.02165
/data/SONICS/echoes/Cassie_Lace_The_Zombie_Dandies_acestep_TTA_001.mp3,0,0,0.01584
/data/SONICS/echoes/Acoustic_Unleashed_Remain_brev_TTA_001.mp3,0,0,0.01428
/data/SONICS/echoes/Fuckaboing_RoccoW_diffrhythm_TTA_001.mp3,0,0,0.012924
/data/SONICS/echoes/Ad_Astra_P_C_III_diffrhythm_TTA_001.mp3,0,0,0.015015
/data/SONICS/echoes/SD_Ill_Mix_H-LR_mubert_TTA_001.mp3,0,0,0.02242
/data/SONICS/echoes/Versailles_Pierce_Murphy_acestep_TTA_001.mp3,0,0,0.01549
/data/SONICS/echoes/Something_Dirty_Ergo_Phizmiz_mubert_TTA_001.mp3,0,0,0.008
/data/SONICS/echoes/Roller_Star_Monroeville_Music_Center_diffrhythm_TTA_001.mp3,0,0,0.00938
/data/SONICS/echoes/Breeze_Funk_Malaventura_stableaudio_TTA_001.mp3,0,0,0.01078
/data/SONICS/echoes/Autobahn_S-B-J_mubert_TTA_001.mp3,0,0,0.01147
/data/SONICS/echoes/Lost_In_The_Music_D-Smilez_Mix_D_SMILEZ_diffrhythm_ATA_001.mp3,0,0,0.02303
/data/SONICS/echoes/Johnny_I_Lie_The_Moi_Non_Plus_producer_ATA_001.mp3,0,0,0.01302
/data/SONICS/echoes/Authenticity_Nihilore_diffrhythm_TTA_001.mp3,0,0,0.0171
/data/SONICS/echoes/Agora_Malaventura_stableaudio_TTA_001.mp3,0,0,0.01956
/data/SONICS/echoes/Time_Up_ENDRUDARK_diffrhythm_ATA_001.mp3,0,0,0.02158
/data/SONICS/echoes/Vanishing_Horizon_Jason_Shaw_diffrhythm_ATA_001.mp3,0,0,0.01033
/data/SONICS/echoes/Fridge_Railkid_Station_diffrhythm_TTA_001.mp3,0,0,0.01333
/data/SONICS/echoes/Motocross_Mania_Monroeville_Music_Center_producer_ATA_001.mp3,0,0,0.01307
/data/SONICS/echoes/Scape_from_the_city_Rolemusic_acestep_TTA_001.mp3,0,0,0.01385
/data/SONICS/echoes/Millitary_Industrial_Complex_Punk_Rock_Opera_stableaudio_TTA_001.mp3,0,0,0.01234
/data/SONICS/echoes/Beyond_Luxury_Mors_Ontologica_stableaudio_TTA_001.mp3,0,0,0.01622
/data/SONICS/echoes/Cold_Chains_Rolemusic_udio_TTA_001.mp3,0,0,0.11816
/data/SONICS/echoes/Promo_Mix_Vocal_Edit_Luv_Dub_Mix_Pierlo_diffrhythm_TTA_001.mp3,0,0,0.01445
/data/SONICS/echoes/Evil_Cannot_Create_Caleb_Lemond_diffrhythm_ATA_001.mp3,0,0,0.01956
/data/SONICS/echoes/Shadow_Government_Bird_Names_suno_TTA_002.mp3,0,0,0.01343
/data/SONICS/echoes/Lackadaisical_Oh_Yeah_the_Future_suno_TTA_001.mp3,0,0,0.02414
/data/SONICS/echoes/Resistentialism_Nihilore_diffrhythm_ATA_001.mp3,0,0,0.01359
/data/SONICS/echoes/Shipwrecked_Crew_Pete_Prodoehl_acestep_TTA_001.mp3,0,0,0.01869
/data/SONICS/echoes/And_Over_The_Rainbows_milky-chu_diffrhythm_TTA_001.mp3,0,0,0.01718
/data/SONICS/echoes/Sea_Monster_The_Crypts_udio_TTA_001.mp3,0,0,0.01401
/data/SONICS/echoes/KOMFORT_voyageurs_brev_TTA_001.mp3,0,0,0.010056
/data/SONICS/echoes/Insectlaration_of_Independence_Punk_Rock_Opera_diffrhythm_ATA_001.mp3,0,0,0.01525
/data/SONICS/echoes/Soul_of_the_Demon_Zombie_Raiders_suno_TTA_002.mp3,0,0,0.01053
/data/SONICS/echoes/Sturgeons_Law_Nihilore_diffrhythm_TTA_001.mp3,0,0,0.03033
/data/SONICS/echoes/Aquamarine_My_Distant_Blue_Nihilore_brev_TTA_001.mp3,0,0,0.01738
/data/SONICS/echoes/Endless_The_Birth_and_Death_of_Silence_suno_TTA_001.mp3,0,0,0.01456
/data/SONICS/echoes/Ad_Astra_P_C_III_suno_TTA_002.mp3,0,0,0.01653
/data/SONICS/echoes/Go_On_Then_Jim_Rooster_stableaudio_TTA_001.mp3,0,0,0.01333
/data/SONICS/echoes/The_Cave_of_Time_Monroeville_Music_Center_diffrhythm_ATA_001.mp3,0,0,0.02007
/data/SONICS/echoes/Soul_of_the_Demon_Zombie_Raiders_suno_TTA_001.mp3,0,0,0.01462
/data/SONICS/echoes/Ohtli_Seclorance_udio_TTA_002.mp3,0,0,0.01374
/data/SONICS/echoes/Love_Dream_The_Zombie_Dandies_producer_ATA_001.mp3,0,0,0.01187
/data/SONICS/echoes/Production_Bird_Names_acestep_TTA_001.mp3,0,0,0.0192
/data/SONICS/echoes/Ynkelig_Die_Morgendammerung_Des_Valhalla_producer_ATA_001.mp3,0,0,0.01277
/data/SONICS/echoes/Windows_of_the_Skull_Sarin_producer_TTA_001.mp3,0,0,0.01484
/data/SONICS/echoes/shmoove_epsilon_not_diffrhythm_ATA_001.mp3,0,0,0.01129
/data/SONICS/echoes/Invaders_From_Within_Monroeville_Music_Center_udio_TTA_001.mp3,0,0,0.01196
/data/SONICS/echoes/Moja_Krypta_AmortE_diffrhythm_ATA_001.mp3,0,0,0.02237
/data/SONICS/echoes/El_Burrito_Malaventura_acestep_TTA_001.mp3,0,0,0.0863
/data/SONICS/echoes/Cloudy_Subway_Sonicbeat_diffrhythm_ATA_001.mp3,0,0,0.00822
/data/SONICS/echoes/Transmit_Lamprey_producer_TTA_001.mp3,0,0,0.01142
/data/SONICS/echoes/Colossal_Stillness_Scott_Holmes_mubert_TTA_001.mp3,0,0,0.01462
/data/SONICS/echoes/Production_Bird_Names_stableaudio_TTA_001.mp3,0,0,0.0112
/data/SONICS/echoes/Stockholm_Syndrome_People_Should_Be_More_Aware_Bird_Names_brev_TTA_002.mp3,0,0,0.01187
/data/SONICS/echoes/As_Nihilism_Gives_Way_To_Existentialism_Nihilore_diffrhythm_TTA_001.mp3,0,0,0.01155
/data/SONICS/echoes/Endless_The_Birth_and_Death_of_Silence_udio_TTA_002.mp3,0,0,0.01666
/data/SONICS/echoes/I_Inflammator_suno_TTA_001.mp3,0,0,0.01142
/data/SONICS/echoes/Cold_Chains_Rolemusic_udio_TTA_002.mp3,0,0,0.01164
/data/SONICS/echoes/karaoke_megablast_Katapulto_stableaudio_TTA_001.mp3,0,0,0.05032
/data/SONICS/echoes/Новый_Нью-Йорк_2_Чокнутый_Пропеллер_suno_TTA_001.mp3,0,0,0.012146
/data/SONICS/echoes/Ancient_Whispers_I_P_C_III_diffrhythm_ATA_001.mp3,0,0,0.01659
/data/SONICS/echoes/Solearesbeats_Malaventura_producer_ATA_001.mp3,0,0,0.0107
/data/SONICS/echoes/5_Lexington_Isle_of_Pine_diffrhythm_ATA_001.mp3,0,0,0.0203
/data/SONICS/echoes/The_plot_Malaventura_acestep_TTA_001.mp3,0,0,0.01248
/data/SONICS/echoes/Windows_of_the_Skull_Sarin_mubert_TTA_001.mp3,0,0,0.01234
/data/SONICS/echoes/Evil_Cannot_Create_Caleb_Lemond_mubert_TTA_001.mp3,0,0,0.0193
/data/SONICS/echoes/SD_Ill_Mix_H-LR_producer_ATA_001.mp3,0,0,0.02208
/data/SONICS/echoes/Improvisation_Broken_Chord_mubert_TTA_001.mp3,0,0,0.0292
/data/SONICS/echoes/The_Dawn_The_One_They_Fear_diffrhythm_TTA_001.mp3,0,0,0.01851
/data/SONICS/echoes/Troubles_Ive_seen_Malaventura_suno_TTA_002.mp3,0,0,0.013374
/data/SONICS/echoes/10000_People_Chanting_Im_an_Individual_Nihilore_diffrhythm_ATA_001.mp3,0,0,0.03488
/data/SONICS/echoes/The_Coldest_Winter_Caleb_Lemond_producer_TTA_001.mp3,0,0,0.0181
/data/SONICS/echoes/Night_Drive_Decktonic_stableaudio_TTA_001.mp3,0,0,0.01049
/data/SONICS/echoes/Night_Owl_Broke_For_Free_brev_TTA_002.mp3,0,0,0.01363
/data/SONICS/echoes/Snakefirewalking_Los_Llamarada_stableaudio_TTA_001.mp3,0,0,0.01456
/data/SONICS/echoes/All_of_Us_Eric_Skiff_brev_TTA_002.mp3,0,0,0.02887
/data/SONICS/echoes/Scramby_Eggs_Andy_G._Cohen_diffrhythm_ATA_001.mp3,0,0,0.0539
/data/SONICS/echoes/The_plot_Malaventura_diffrhythm_TTA_001.mp3,0,0,0.00971
/data/SONICS/echoes/I_Inflammator_udio_TTA_002.mp3,0,0,0.01224
/data/SONICS/echoes/The_Secret_Garden_Barbarix_diffrhythm_TTA_001.mp3,0,0,0.01513
/data/SONICS/echoes/Music_For_an_Underground_Circu_Ergo_Phizmiz_stableaudio_TTA_001.mp3,0,0,0.014175
/data/SONICS/echoes/Running_Free_Michett_featuring_Kalipluche_suno_TTA_002.mp3,0,0,0.01312
/data/SONICS/echoes/Jangus_inspired_by_ToeJam_and_Earl_UncleBibby_diffrhythm_TTA_001.mp3,0,0,0.02112
/data/SONICS/echoes/Slot_Neotnas_diffrhythm_ATA_001.mp3,0,0,0.01224
/data/SONICS/echoes/Stockholm_Syndrome_People_Should_Be_More_Aware_Bird_Names_udio_TTA_002.mp3,0,0,0.01406
/data/SONICS/echoes/We_Move_in_Waves_Modey_Lemon_producer_ATA_001.mp3,0,0,0.012924
/data/SONICS/echoes/Topam_Twin_Heads_diffrhythm_TTA_001.mp3,0,0,0.01297
/data/SONICS/echoes/Empower_Thee_vargero_suno_TTA_001.mp3,0,0,0.01147
/data/SONICS/echoes/Edge_Mystery_Mammal_suno_TTA_001.mp3,0,0,0.01053
/data/SONICS/echoes/Straw_Fields_Rolemusic_suno_TTA_002.mp3,0,0,0.009674
/data/SONICS/echoes/Terve_Teille_Чокнутый_Пропеллер_acestep_TTA_001.mp3,0,0,0.01543
/data/SONICS/echoes/Aquamarine_My_Distant_Blue_Nihilore_diffrhythm_ATA_001.mp3,0,0,0.02342
/data/SONICS/echoes/karaoke_megablast_Katapulto_diffrhythm_TTA_001.mp3,0,0,0.01819
/data/SONICS/echoes/I_Nocturnal_Mayhem_suno_TTA_001.mp3,0,0,0.01086
/data/SONICS/echoes/The_Cave_of_Time_Monroeville_Music_Center_suno_TTA_002.mp3,0,0,0.0156
/data/SONICS/echoes/Kissing_Scars_Caleb_Lemond_mubert_TTA_001.mp3,0,0,0.01752
/data/SONICS/echoes/Okiirobo_Navigation_System_Henry_Homesweet_suno_TTA_002.mp3,0,0,0.009056
/data/SONICS/echoes/Acoustic_Unleashed_Remain_udio_TTA_001.mp3,0,0,0.015366
/data/SONICS/echoes/Pista_Afuera_Epstein_suno_TTA_001.mp3,0,0,0.01243
/data/SONICS/echoes/Lackadaisical_Oh_Yeah_the_Future_brev_TTA_002.mp3,0,0,0.01826
/data/SONICS/echoes/The_Big_House_Jason_Shaw_mubert_TTA_001.mp3,0,0,0.01155
/data/SONICS/echoes/One_Eyed_GhostThis_is_gonna_be_a_rough_show_The_Crypts_producer_TTA_001.mp3,0,0,0.01653
/data/SONICS/echoes/Clay_Heart_Nihilore_brev_TTA_001.mp3,0,0,0.0188
/data/SONICS/echoes/Autopsy_Oh_Yeah_the_Future_acestep_TTA_001.mp3,0,0,0.01302
/data/SONICS/echoes/New_Life_take_1_Bird_Names_udio_TTA_001.mp3,0,0,0.03494
/data/SONICS/echoes/Dr_Deimos-Scribble_Mizukis_Last_ChanceDr_Deimos_diffrhythm_TTA_001.mp3,0,0,0.014114
/data/SONICS/echoes/The_Pursuit_of_Unintentional_Humor_Oh_Yeah_the_Future_diffrhythm_ATA_001.mp3,0,0,0.02258
/data/SONICS/echoes/Norweigian_Wood_II_Bird_Names_udio_TTA_001.mp3,0,0,0.01243
/data/SONICS/echoes/kolorowe_wody_Katapulto_producer_ATA_001.mp3,0,0,0.00685
/data/SONICS/echoes/Track_04_Lightning_Bolt_mubert_TTA_001.mp3,0,0,0.01103
/data/SONICS/echoes/Only_Instrumental_Broke_For_Free_producer_ATA_001.mp3,0,0,0.00956
/data/SONICS/echoes/One_Eyed_GhostThis_is_gonna_be_a_rough_show_The_Crypts_suno_TTA_002.mp3,0,0,0.0188
/data/SONICS/echoes/When_I_Was_Taller_Dan_Deacon_diffrhythm_TTA_001.mp3,0,0,0.01369
/data/SONICS/echoes/Spanish_BEEEYYAAACHHH_Malaventura_udio_TTA_002.mp3,0,0,0.01065
/data/SONICS/echoes/1984_Punk_Rock_Opera_udio_TTA_001.mp3,0,0,0.01984
/data/SONICS/echoes/Evil_Cannot_Create_Caleb_Lemond_producer_ATA_001.mp3,0,0,0.01999
/data/SONICS/echoes/Im_gonna_try_to_reach_Los_Llamarada_diffrhythm_ATA_001.mp3,0,0,0.015366
/data/SONICS/echoes/Coliidae_K.D._Expression_mubert_TTA_001.mp3,0,0,0.008415
/data/SONICS/echoes/Liar_Liar_Quietly_Vienna_Ditto_acestep_TTA_001.mp3,0,0,0.01343
/data/SONICS/echoes/El_Burrito_Malaventura_diffrhythm_ATA_001.mp3,0,0,0.013374
/data/SONICS/echoes/Windows_of_the_Skull_Alternate_Version_Sarin_acestep_TTA_002.mp3,0,0,0.01317
/data/SONICS/echoes/Lost_Paradise_Autumn_Interlude_stableaudio_TTA_001.mp3,0,0,0.0693
/data/SONICS/echoes/Love_Dream_The_Zombie_Dandies_udio_TTA_002.mp3,0,0,0.013275
/data/SONICS/echoes/Introduction_beats_Itsensäsyöjät_udio_TTA_002.mp3,0,0,0.01196
/data/SONICS/echoes/Snowday_Oh_Yeah_the_Future_diffrhythm_ATA_001.mp3,0,0,0.014175
/data/SONICS/echoes/Fear_Los_Fancy_Free_acestep_TTA_001.mp3,0,0,0.01843
/data/SONICS/echoes/gospellioza_Katapulto_brev_TTA_001.mp3,0,0,0.0145
/data/SONICS/echoes/Ohtli_Seclorance_producer_ATA_001.mp3,0,0,0.01277
/data/SONICS/echoes/November_25_2007_Kenneth_Kirschner_diffrhythm_TTA_003.mp3,0,0,0.02676
/data/SONICS/echoes/March_of_the_GPA_Mechanics_tghost_stableaudio_TTA_001.mp3,0,0,0.01805
/data/SONICS/echoes/Food_and_War_Ergo_Phizmiz_brev_TTA_002.mp3,0,0,0.01554
/data/SONICS/echoes/Insectlaration_of_Independence_Punk_Rock_Opera_stableaudio_TTA_001.mp3,0,0,0.01549
/data/SONICS/echoes/A_Dark_Blue_Arc_Pipe_Choir_acestep_TTA_001.mp3,0,0,0.012924
/data/SONICS/echoes/Larbre_Salmo_diffrhythm_ATA_001.mp3,0,0,0.01287
/data/SONICS/echoes/Infinite_Light_Pipe_Choir_stableaudio_TTA_001.mp3,0,0,0.01909
/data/SONICS/echoes/Fridge_Railkid_Station_acestep_TTA_001.mp3,0,0,0.1472
/data/SONICS/echoes/OOOTHERSIDE_-_This_Time_Mike_B._Fort_producer_TTA_001.mp3,0,0,0.01267
/data/SONICS/echoes/Realize_Me_Jim_Rooster_acestep_TTA_001.mp3,0,0,0.01302
/data/SONICS/echoes/I_Think_From_Now_On_Caleb_Lemond_mubert_TTA_001.mp3,0,0,0.02022
/data/SONICS/echoes/The_Courtyard_Uncle_Bibby_producer_ATA_001.mp3,0,0,0.01053
/data/SONICS/echoes/The_Coldest_Winter_Caleb_Lemond_suno_TTA_001.mp3,0,0,0.01718
/data/SONICS/echoes/Roach-Man_Punk_Rock_Opera_diffrhythm_ATA_001.mp3,0,0,0.01037
/data/SONICS/echoes/Nose_DUSTdevils_brev_TTA_001.mp3,0,0,0.01602
/data/SONICS/echoes/Mountain_Mist_Modey_Lemon_mubert_TTA_001.mp3,0,0,0.01428
/data/SONICS/echoes/Dr_Deimos-Scribble_Mizukis_Last_ChanceDr_Deimos_diffrhythm_ATA_001.mp3,0,0,0.02844
/data/SONICS/echoes/I_Inflammator_brev_TTA_002.mp3,0,0,0.011826
/data/SONICS/echoes/Roller_Star_Monroeville_Music_Center_udio_TTA_001.mp3,0,0,0.01107
/data/SONICS/echoes/Ugh_Humans_Can_Join_Mystery_Mammal_stableaudio_TTA_001.mp3,0,0,0.009895
/data/SONICS/echoes/Digital_Lightning_Cloudkicker_producer_ATA_001.mp3,0,0,0.01229
/data/SONICS/echoes/Mettle_Pipe_Choir_diffrhythm_TTA_001.mp3,0,0,0.02373
/data/SONICS/echoes/John_the_Baby_Ergo_Phizmiz_diffrhythm_TTA_001.mp3,0,0,0.01971
/data/SONICS/echoes/Infinite_Light_Pipe_Choir_udio_TTA_002.mp3,0,0,0.01659
/data/SONICS/echoes/Redlight_Room_For_A_Ghost_diffrhythm_ATA_001.mp3,0,0,0.01584
/data/SONICS/echoes/Mountain_Mist_Modey_Lemon_suno_TTA_002.mp3,0,0,0.01243
/data/SONICS/echoes/Mettle_Pipe_Choir_producer_TTA_001.mp3,0,0,0.01685
/data/SONICS/echoes/Ugh_Humans_Can_Join_Mystery_Mammal_producer_ATA_001.mp3,0,0,0.01224
/data/SONICS/echoes/Timen_Passing_By_Jason_Shaw_diffrhythm_TTA_001.mp3,0,0,0.01653
/data/SONICS/echoes/Yurtology_Michett_diffrhythm_TTA_001.mp3,0,0,0.01894
/data/SONICS/echoes/Yoko_live_at_FoEG_Emma_Acs_producer_TTA_001.mp3,0,0,0.01178
/data/SONICS/echoes/zero_rhythm_dollar_boy_Katapulto_mubert_TTA_001.mp3,0,0,0.00952
/data/SONICS/echoes/Shadow_Government_Bird_Names_mubert_TTA_001.mp3,0,0,0.01057
/data/SONICS/echoes/Straw_Fields_Rolemusic_diffrhythm_ATA_001.mp3,0,0,0.015015
/data/SONICS/echoes/Ugh_Humans_Can_Join_Mystery_Mammal_mubert_TTA_001.mp3,0,0,0.1124
/data/SONICS/echoes/She_Works_Tepid_Waters_Bird_Names_mubert_TTA_001.mp3,0,0,0.0171
/data/SONICS/echoes/Production_Bird_Names_diffrhythm_TTA_001.mp3,0,0,0.009895
/data/SONICS/echoes/The_Big_House_Jason_Shaw_brev_TTA_001.mp3,0,0,0.01234
/data/SONICS/echoes/Track_04_Lightning_Bolt_brev_TTA_001.mp3,0,0,0.01659
/data/SONICS/echoes/Roller_Star_Monroeville_Music_Center_mubert_TTA_001.mp3,0,0,0.01103
/data/SONICS/echoes/SD_Ill_Mix_H-LR_brev_TTA_001.mp3,0,0,0.01297
/data/SONICS/echoes/She_Works_Tepid_Waters_Bird_Names_udio_TTA_001.mp3,0,0,0.015366
/data/SONICS/echoes/On_My_Mind_Ergo_Phizmiz_producer_TTA_001.mp3,0,0,0.01622
/data/SONICS/echoes/On_My_Mind_Ergo_Phizmiz_suno_TTA_001.mp3,0,0,0.01009
/data/SONICS/echoes/mystery_team_2090_Jesse_Futerman_suno_TTA_002.mp3,0,0,0.0205
/data/SONICS/echoes/Ynkelig_Die_Morgendammerung_Des_Valhalla_suno_TTA_001.mp3,0,0,0.01549
/data/SONICS/echoes/Okiirobo_Navigation_System_Henry_Homesweet_producer_ATA_001.mp3,0,0,0.011505
/data/SONICS/echoes/Liberation_is_not_Easy_Frigg_A_Go_Go_F.A.G.G._acestep_TTA_001.mp3,0,0,0.03308
/data/SONICS/echoes/Agora_Malaventura_diffrhythm_TTA_001.mp3,0,0,0.0121
/data/SONICS/echoes/Nuo_Maisemat_Paavoharju_brev_TTA_002.mp3,0,0,0.0181
/data/SONICS/echoes/KOMFORT_voyageurs_suno_TTA_002.mp3,0,0,0.011116
/data/SONICS/echoes/Stranger_Frigg_A_Go_Go_F.A.G.G._mubert_TTA_001.mp3,0,0,0.01224
/data/SONICS/echoes/I_Inflammator_producer_ATA_001.mp3,0,0,0.01229
/data/SONICS/echoes/danse_macabre_Katapulto_producer_TTA_001.mp3,0,0,0.02504
/data/SONICS/echoes/The_Dream_and_the_Dreamer_Caleb_Lemond_brev_TTA_002.mp3,0,0,0.012924
/data/SONICS/echoes/Acoustic_Unleashed_Remain_producer_ATA_001.mp3,0,0,0.012825
/data/SONICS/echoes/Autobahn_S-B-J_brev_TTA_001.mp3,0,0,0.02328
/data/SONICS/echoes/Norweigian_Wood_II_Bird_Names_suno_TTA_001.mp3,0,0,0.01178
/data/SONICS/echoes/Lovedreams_Oh_Yeah_the_Future_mubert_TTA_001.mp3,0,0,0.0231
/data/SONICS/echoes/Lovedreams_Oh_Yeah_the_Future_acestep_TTA_001.mp3,0,0,0.01021
/data/SONICS/echoes/Kissing_Scars_Caleb_Lemond_brev_TTA_002.mp3,0,0,0.02045
/data/SONICS/echoes/Roller_Star_Monroeville_Music_Center_udio_TTA_002.mp3,0,0,0.007576
/data/SONICS/echoes/The_Cave_of_Time_Monroeville_Music_Center_mubert_TTA_001.mp3,0,0,0.008286
/data/SONICS/echoes/Shadow_Government_Bird_Names_acestep_TTA_001.mp3,0,0,0.0159
/data/SONICS/echoes/OST_04_Ship_under_attack_sawsquarenoise_stableaudio_TTA_001.mp3,0,0,0.01196
/data/SONICS/echoes/Food_and_War_Ergo_Phizmiz_mubert_TTA_001.mp3,0,0,0.01359
/data/SONICS/echoes/zero_rhythm_dollar_boy_Katapulto_brev_TTA_002.mp3,0,0,0.01041
/data/SONICS/echoes/Different_Day_First_producer_TTA_001.mp3,0,0,0.01785
/data/SONICS/echoes/Edge_Mystery_Mammal_udio_TTA_001.mp3,0,0,0.01634
/data/SONICS/echoes/Motocross_Mania_Monroeville_Music_Center_udio_TTA_001.mp3,0,0,0.01238
/data/SONICS/echoes/Robocall_Legally_Blind_diffrhythm_ATA_001.mp3,0,0,0.01322
/data/SONICS/echoes/Lights_Up_Pipe_Choir_diffrhythm_TTA_001.mp3,0,0,0.0321
/data/SONICS/echoes/Kissing_Scars_Caleb_Lemond_producer_TTA_001.mp3,0,0,0.01578
/data/SONICS/echoes/philcollins_takes_your_hand_Katapulto_diffrhythm_TTA_001.mp3,0,0,0.012924
/data/SONICS/echoes/First_Glance_Oh_Yeah_the_Future_udio_TTA_001.mp3,0,0,0.03143
/data/SONICS/echoes/The_plot_Malaventura_suno_TTA_002.mp3,0,0,0.01406
/data/SONICS/echoes/The_Sandman_Ergo_Phizmiz_diffrhythm_TTA_001.mp3,0,0,0.02438
/data/SONICS/echoes/The_Courtyard_Uncle_Bibby_suno_TTA_002.mp3,0,0,0.01201
/data/SONICS/echoes/I_Dream_So_Vividly_Uninhabitable_Mansions_udio_TTA_002.mp3,0,0,0.0962
/data/SONICS/echoes/Breathe_New_Life_Scott_Holmes_acestep_TTA_001.mp3,0,0,0.013535
/data/SONICS/echoes/SD_Ill_Mix_H-LR_udio_TTA_002.mp3,0,0,0.012924
/data/SONICS/echoes/Nose_DUSTdevils_mubert_TTA_001.mp3,0,0,0.013954
/data/SONICS/echoes/6_Coat_of_Arms_Close_Isle_of_Pine_diffrhythm_TTA_001.mp3,0,0,0.010056
/data/SONICS/echoes/She_Works_Tepid_Waters_Bird_Names_suno_TTA_002.mp3,0,0,0.01685
/data/SONICS/echoes/Improvisation_Broken_Chord_brev_TTA_002.mp3,0,0,0.01363
/data/SONICS/echoes/All_of_Us_Eric_Skiff_suno_TTA_002.mp3,0,0,0.01082
/data/SONICS/echoes/Bizzy_The_Tleilaxu_Music_Machine_diffrhythm_ATA_001.mp3,0,0,0.02484
/data/SONICS/echoes/OOOTHERSIDE_-_This_Time_Mike_B._Fort_udio_TTA_001.mp3,0,0,0.01053
/data/SONICS/echoes/Lets_Start_Out_Slow_RoccoW_diffrhythm_ATA_001.mp3,0,0,0.0183
/data/SONICS/echoes/The_Big_House_Jason_Shaw_brev_TTA_002.mp3,0,0,0.01142
/data/SONICS/echoes/Windows_of_the_Skull_Sarin_udio_TTA_002.mp3,0,0,0.01277
/data/SONICS/echoes/philcollins_takes_your_hand_Katapulto_diffrhythm_ATA_001.mp3,0,0,0.01234
/data/SONICS/echoes/Night_Drive_Decktonic_acestep_TTA_001.mp3,0,0,0.01473
/data/SONICS/echoes/Nose_DUSTdevils_udio_TTA_001.mp3,0,0,0.02347
/data/SONICS/echoes/Ponky_McFonky_My_brother_Daniel_udio_TTA_001.mp3,0,0,0.01129
/data/SONICS/echoes/WET_DREAMS_voyageurs_diffrhythm_TTA_001.mp3,0,0,0.007786
/data/SONICS/echoes/Realize_Me_Jim_Rooster_udio_TTA_001.mp3,0,0,0.01428
/data/SONICS/echoes/Food_and_War_Ergo_Phizmiz_udio_TTA_001.mp3,0,0,0.015076
/data/SONICS/echoes/Food_and_War_Ergo_Phizmiz_acestep_TTA_001.mp3,0,0,0.011734
/data/SONICS/echoes/mc_trabalenguas_Volumina_acestep_TTA_001.mp3,0,0,0.02203
/data/SONICS/echoes/Robocall_Legally_Blind_producer_TTA_001.mp3,0,0,0.00888
/data/SONICS/echoes/Sfogare_Il_Dissenso_Deiezione_HC_brev_TTA_001.mp3,0,0,0.013275
/data/SONICS/echoes/Straw_Fields_Rolemusic_producer_TTA_001.mp3,0,0,0.008064
/data/SONICS/echoes/Demolition_Michett_diffrhythm_ATA_001.mp3,0,0,0.01672
/data/SONICS/echoes/Who_Loves_You_Dear_Mink_Lungs_stableaudio_TTA_001.mp3,0,0,0.0116
/data/SONICS/echoes/OOOTHERSIDE_-_Liquid_Paper_Mike_B._Fort_producer_ATA_001.mp3,0,0,0.0156
/data/SONICS/echoes/3_am_West_End_statusq_diffrhythm_TTA_001.mp3,0,0,0.01253
/data/SONICS/echoes/Shadow_Government_Bird_Names_suno_TTA_001.mp3,0,0,0.014114
/data/SONICS/echoes/OST_04_Ship_under_attack_sawsquarenoise_udio_TTA_001.mp3,0,0,0.01634
/data/SONICS/echoes/Take_Your_Fingers_Michael_Fakesch_stableaudio_TTA_001.mp3,0,0,0.02092
/data/SONICS/echoes/Johnny_I_Lie_The_Moi_Non_Plus_diffrhythm_TTA_001.mp3,0,0,0.02893
/data/SONICS/echoes/Mandrill_Ergo_Phizmiz_producer_ATA_001.mp3,0,0,0.036
/data/SONICS/echoes/Ugh_Humans_Can_Join_Mystery_Mammal_producer_TTA_001.mp3,0,0,0.01082
/data/SONICS/echoes/Black_Panda_The_Crypts_diffrhythm_ATA_001.mp3,0,0,0.02718
/data/SONICS/echoes/Voxel_Andy_G._Cohen_stableaudio_TTA_001.mp3,0,0,0.01549
/data/SONICS/echoes/Straw_Fields_Rolemusic_udio_TTA_002.mp3,0,0,0.01257
/data/SONICS/echoes/OOOTHERSIDE_-_This_Time_Mike_B._Fort_diffrhythm_ATA_001.mp3,0,0,0.0603
/data/SONICS/echoes/Shadow_Government_Bird_Names_udio_TTA_001.mp3,0,0,0.02666
/data/SONICS/echoes/On_My_Mind_Ergo_Phizmiz_suno_TTA_002.mp3,0,0,0.01169
/data/SONICS/echoes/The_Courtyard_Uncle_Bibby_udio_TTA_002.mp3,0,0,0.01837
/data/SONICS/echoes/Lost_Paradise_Autumn_Interlude_udio_TTA_002.mp3,0,0,0.0159
/data/SONICS/echoes/Flashback_Seclorance_udio_TTA_002.mp3,0,0,0.01659
/data/SONICS/echoes/March_of_the_GPA_Mechanics_tghost_diffrhythm_ATA_001.mp3,0,0,0.01994
/data/SONICS/echoes/Night_Drive_Decktonic_diffrhythm_TTA_001.mp3,0,0,0.01772
/data/SONICS/echoes/Mountain_Mist_Modey_Lemon_producer_ATA_001.mp3,0,0,0.01348
/data/SONICS/echoes/Half_a_Doubt_Droopies_diffrhythm_TTA_001.mp3,0,0,0.04443
/data/SONICS/echoes/Introduction_beats_Itsensäsyöjät_udio_TTA_001.mp3,0,0,0.01196
/data/SONICS/echoes/I_Fell_Mod_Fun_diffrhythm_TTA_001.mp3,0,0,0.03442
/data/SONICS/echoes/Clay_Heart_Nihilore_udio_TTA_002.mp3,0,0,0.01238
/data/SONICS/echoes/Infinite_Light_Pipe_Choir_suno_TTA_001.mp3,0,0,0.010056
/data/SONICS/echoes/Новый_Нью-Йорк_2_Чокнутый_Пропеллер_brev_TTA_002.mp3,0,0,0.01229
/data/SONICS/echoes/OOOTHERSIDE_-_Liquid_Paper_Mike_B._Fort_diffrhythm_TTA_001.mp3,0,0,0.03114
/data/SONICS/echoes/Nose_DUSTdevils_udio_TTA_002.mp3,0,0,0.01243
/data/SONICS/echoes/The_plot_Malaventura_suno_TTA_001.mp3,0,0,0.0164
/data/SONICS/echoes/The_Queen_Malaventura_stableaudio_TTA_001.mp3,0,0,0.04092
/data/SONICS/echoes/Where_Is_Everything_The_Moi_Non_Plus_producer_ATA_001.mp3,0,0,0.01953
/data/SONICS/echoes/Lovedreams_Oh_Yeah_the_Future_producer_ATA_001.mp3,0,0,0.01009
/data/SONICS/echoes/OST_04_Ship_under_attack_sawsquarenoise_diffrhythm_ATA_001.mp3,0,0,0.01401
/data/SONICS/echoes/Nature_Is_Over_Defined_Bird_Names_producer_TTA_001.mp3,0,0,0.014786
/data/SONICS/echoes/Tapes_Gumbel_brev_TTA_002.mp3,0,0,0.01243
/data/SONICS/echoes/Aquamarine_My_Distant_Blue_Nihilore_producer_TTA_001.mp3,0,0,0.015076
/data/SONICS/echoes/Vanishing_Horizon_Jason_Shaw_producer_ATA_001.mp3,0,0,0.02153
/data/SONICS/echoes/Gloomy_Sunday_AmortE_diffrhythm_TTA_001.mp3,0,0,0.01659
/data/SONICS/echoes/November_25_2007_Kenneth_Kirschner_diffrhythm_TTA_002.mp3,0,0,0.00956
/data/SONICS/echoes/Nuo_Maisemat_Paavoharju_diffrhythm_TTA_001.mp3,0,0,0.0201
/data/SONICS/echoes/Solearesbeats_Malaventura_diffrhythm_TTA_001.mp3,0,0,0.00923
/data/SONICS/echoes/Seppuku_Bot_Decktonic_diffrhythm_TTA_001.mp3,0,0,0.01672
/data/SONICS/echoes/Sea_Monster_The_Crypts_brev_TTA_001.mp3,0,0,0.01297
/data/SONICS/echoes/Liberosis_Nihilore_diffrhythm_ATA_001.mp3,0,0,0.03096
/data/SONICS/echoes/Mandrill_Ergo_Phizmiz_suno_TTA_001.mp3,0,0,0.01201
/data/SONICS/echoes/Music_For_an_Underground_Circu_Ergo_Phizmiz_suno_TTA_002.mp3,0,0,0.01602
/data/SONICS/echoes/The_Big_House_Jason_Shaw_diffrhythm_ATA_001.mp3,0,0,0.007065
/data/SONICS/echoes/The_Coldest_Winter_Caleb_Lemond_brev_TTA_002.mp3,0,0,0.01257
/data/SONICS/echoes/The_Sandman_Ergo_Phizmiz_diffrhythm_ATA_001.mp3,0,0,0.0962
/data/SONICS/echoes/Liar_Liar_Quietly_Vienna_Ditto_diffrhythm_TTA_001.mp3,0,0,0.01155
/data/SONICS/echoes/Autobahn_S-B-J_udio_TTA_001.mp3,0,0,0.00978
/data/SONICS/echoes/purity_danger_Katapulto_producer_TTA_001.mp3,0,0,0.0159
/data/SONICS/echoes/Unexpected_Little_Happenings_UltraCat_diffrhythm_ATA_001.mp3,0,0,0.01692
/data/SONICS/echoes/La_Nina_Blanca_Vienna_Ditto_diffrhythm_TTA_001.mp3,0,0,0.01439
/data/SONICS/echoes/Solearesbeats_Malaventura_diffrhythm_ATA_001.mp3,0,0,0.01277
/data/SONICS/echoes/Roland_Garros_2048_Zoliborz_acestep_TTA_001.mp3,0,0,0.01263
/data/SONICS/echoes/Infinite_Light_Pipe_Choir_udio_TTA_001.mp3,0,0,0.01473
/data/SONICS/echoes/Improvisation_Broken_Chord_producer_ATA_001.mp3,0,0,0.01584
/data/SONICS/echoes/Evil_Cannot_Create_Caleb_Lemond_udio_TTA_001.mp3,0,0,0.01616
/data/SONICS/echoes/Colossal_Stillness_Scott_Holmes_brev_TTA_002.mp3,0,0,0.011826
/data/SONICS/echoes/Ad_Astra_P_C_III_udio_TTA_001.mp3,0,0,0.0107
/data/SONICS/echoes/One_Eyed_GhostThis_is_gonna_be_a_rough_show_The_Crypts_brev_TTA_001.mp3,0,0,0.01224
/data/SONICS/echoes/Evil_Cannot_Create_Caleb_Lemond_brev_TTA_001.mp3,0,0,0.01837
/data/SONICS/echoes/Electric_Girlfriend_The_Zombie_Dandies_stableaudio_TTA_001.mp3,0,0,0.01348
/data/SONICS/echoes/The_Race_Forever_Monroeville_Music_Center_udio_TTA_001.mp3,0,0,0.01086
/data/SONICS/echoes/Breeze_Funk_Malaventura_brev_TTA_001.mp3,0,0,0.01724
/data/SONICS/echoes/Music_For_an_Underground_Circu_Ergo_Phizmiz_diffrhythm_TTA_001.mp3,0,0,0.01906
/data/SONICS/echoes/Yoko_live_at_FoEG_Emma_Acs_suno_TTA_002.mp3,0,0,0.01238
/data/SONICS/echoes/The_Dream_and_the_Dreamer_Caleb_Lemond_acestep_TTA_001.mp3,0,0,0.01359
/data/SONICS/echoes/With_the_Summer_Oh_Yeah_the_Future_diffrhythm_ATA_001.mp3,0,0,0.01224
/data/SONICS/echoes/The_Contract_The_IMG_brev_TTA_001.mp3,0,0,0.01196
/data/SONICS/echoes/Hammer_and_a_Nail_Vienna_Ditto_producer_TTA_001.mp3,0,0,0.0096
/data/SONICS/echoes/Acoustic_Unleashed_Remain_suno_TTA_002.mp3,0,0,0.012726
/data/SONICS/echoes/Pista_Afuera_Epstein_acestep_TTA_001.mp3,0,0,0.01543
/data/SONICS/echoes/Let_Youre_Body_Move_D_SMILEZ_diffrhythm_ATA_001.mp3,0,0,0.012825
/data/SONICS/echoes/Ynkelig_Die_Morgendammerung_Des_Valhalla_diffrhythm_ATA_001.mp3,0,0,0.00819
/data/SONICS/echoes/Celia_Ergo_Phizmiz_stableaudio_TTA_001.mp3,0,0,0.01017
/data/SONICS/echoes/Convicted_Jazz_Drones_Malaventura_diffrhythm_ATA_001.mp3,0,0,0.0323
/data/SONICS/echoes/She_Works_Tepid_Waters_Bird_Names_diffrhythm_TTA_002.mp3,0,0,0.0173
/data/SONICS/echoes/Tapes_Gumbel_diffrhythm_TTA_001.mp3,0,0,0.01584
/data/SONICS/echoes/Robocall_Legally_Blind_udio_TTA_001.mp3,0,0,0.01041
/data/SONICS/echoes/6_Coat_of_Arms_Close_Isle_of_Pine_acestep_TTA_001.mp3,0,0,0.01495
/data/SONICS/echoes/Yoko_live_at_FoEG_Emma_Acs_mubert_TTA_001.mp3,0,0,0.01549
/data/SONICS/echoes/Troubles_Ive_seen_Malaventura_producer_ATA_001.mp3,0,0,0.02089
/data/SONICS/echoes/I_Fell_Mod_Fun_suno_TTA_002.mp3,0,0,0.012054
/data/SONICS/echoes/The_Front_Yard_HarleyLikesMusic_diffrhythm_ATA_001.mp3,0,0,0.02518
/data/SONICS/echoes/gospellioza_Katapulto_suno_TTA_002.mp3,0,0,0.01406
/data/SONICS/echoes/The_Reality_Machine_Monroeville_Music_Center_udio_TTA_001.mp3,0,0,0.01823
/data/SONICS/echoes/Millitary_Industrial_Complex_Punk_Rock_Opera_brev_TTA_001.mp3,0,0,0.01155
/data/SONICS/echoes/Snakefirewalking_Los_Llamarada_brev_TTA_002.mp3,0,0,0.01888
/data/SONICS/echoes/We_Are_Canucks_David_Blair_udio_TTA_001.mp3,0,0,0.011734
/data/SONICS/echoes/Take_Your_Fingers_Michael_Fakesch_suno_TTA_002.mp3,0,0,0.011734
/data/SONICS/echoes/Insectlaration_of_Independence_Punk_Rock_Opera_diffrhythm_TTA_001.mp3,0,0,0.0546
/data/SONICS/echoes/Busby_Berkeley_Ergo_Phizmiz_acestep_TTA_001.mp3,0,0,0.01333
/data/SONICS/echoes/Love_Dream_The_Zombie_Dandies_producer_TTA_001.mp3,0,0,0.01041
/data/SONICS/echoes/Eyes_Getting_Louder_Mod_Fun_acestep_TTA_001.mp3,0,0,0.01945
/data/SONICS/echoes/Roland_Garros_2048_Zoliborz_suno_TTA_002.mp3,0,0,0.013275
/data/SONICS/echoes/I_Inflammator_udio_TTA_001.mp3,0,0,0.014114
/data/SONICS/echoes/Invaders_From_Within_Monroeville_Music_Center_suno_TTA_001.mp3,0,0,0.01248
/data/SONICS/echoes/gospellioza_Katapulto_udio_TTA_001.mp3,0,0,0.015366
/data/SONICS/echoes/Where_Is_Everything_The_Moi_Non_Plus_mubert_TTA_001.mp3,0,0,0.009125
/data/SONICS/echoes/Infinite_Light_Pipe_Choir_mubert_TTA_001.mp3,0,0,0.01401
/data/SONICS/echoes/Who_Loves_You_Dear_Mink_Lungs_suno_TTA_001.mp3,0,0,0.011375
/data/SONICS/echoes/Robot_Heart_Mystery_Mammal_mubert_TTA_001.mp3,0,0,0.00934
/data/SONICS/echoes/Empty_Pockets_Pete_Prodoehl_mubert_TTA_001.mp3,0,0,0.01805
/data/SONICS/echoes/Night_Drive_Decktonic_mubert_TTA_001.mp3,0,0,0.0945
/data/SONICS/echoes/Set_Fire_to_Creation_Nihilore_acestep_TTA_001.mp3,0,0,0.01653
/data/SONICS/echoes/Stockholm_Syndrome_People_Should_Be_More_Aware_Bird_Names_suno_TTA_002.mp3,0,0,0.011246
/data/SONICS/echoes/Sfogare_Il_Dissenso_Deiezione_HC_producer_ATA_001.mp3,0,0,0.01312
/data/SONICS/echoes/Kissing_Scars_Caleb_Lemond_diffrhythm_TTA_001.mp3,0,0,0.0161
/data/SONICS/echoes/Track_04_Lightning_Bolt_producer_TTA_001.mp3,0,0,0.01374
/data/SONICS/echoes/Head_of_Ancante_Talking_Tree_Akchamel_The_Giver_of_Illness_udio_TTA_002.mp3,0,0,0.01572
/data/SONICS/echoes/Artificial_anxiety_Michett_diffrhythm_ATA_001.mp3,0,0,0.008125
/data/SONICS/echoes/Empty_Pockets_Pete_Prodoehl_suno_TTA_002.mp3,0,0,0.01584
/data/SONICS/echoes/purity_danger_Katapulto_brev_TTA_001.mp3,0,0,0.01192
/data/SONICS/echoes/Space_is_my_pace_Malaventura_diffrhythm_TTA_001.mp3,0,0,0.01602
/data/SONICS/echoes/Mettle_Pipe_Choir_producer_ATA_001.mp3,0,0,0.01142
/data/SONICS/echoes/Head_of_Ancante_Talking_Tree_Akchamel_The_Giver_of_Illness_acestep_TTA_001.mp3,0,0,0.01646
/data/SONICS/echoes/purity_danger_Katapulto_mubert_TTA_001.mp3,0,0,0.01823
/data/SONICS/echoes/All_of_Us_Eric_Skiff_suno_TTA_001.mp3,0,0,0.01724
/data/SONICS/echoes/La_Nina_Blanca_Vienna_Ditto_acestep_TTA_001.mp3,0,0,0.011505
/data/SONICS/echoes/Voxel_Andy_G._Cohen_mubert_TTA_001.mp3,0,0,0.01037
/data/SONICS/echoes/purity_danger_Katapulto_diffrhythm_TTA_002.mp3,0,0,0.01129
/data/SONICS/echoes/Invaders_From_Within_Monroeville_Music_Center_brev_TTA_002.mp3,0,0,0.01401
/data/SONICS/echoes/Fly_2_Andre_Jetson_diffrhythm_TTA_001.mp3,0,0,0.01406
/data/SONICS/echoes/Only_Instrumental_Broke_For_Free_stableaudio_TTA_001.mp3,0,0,0.014114
/data/SONICS/echoes/Ponky_McFonky_My_brother_Daniel_udio_TTA_002.mp3,0,0,0.02141
/data/SONICS/echoes/Spanish_BEEEYYAAACHHH_Malaventura_diffrhythm_TTA_001.mp3,0,0,0.058
/data/SONICS/echoes/2Much_Andy_Spinelli_Alex_Sánchez_House_Edit_Tentacles_diffrhythm_ATA_001.mp3,0,0,0.01322
/data/SONICS/echoes/Empower_Thee_vargero_brev_TTA_001.mp3,0,0,0.00945
/data/SONICS/echoes/Convicted_Jazz_Drones_Malaventura_suno_TTA_001.mp3,0,0,0.01363
/data/SONICS/echoes/philcollins_takes_your_hand_Katapulto_suno_TTA_002.mp3,0,0,0.01187
/data/SONICS/echoes/Nature_Is_Over_Defined_Bird_Names_stableaudio_TTA_001.mp3,0,0,0.01385
/data/SONICS/echoes/OOOTHERSIDE_-_Liquid_Paper_Mike_B._Fort_suno_TTA_001.mp3,0,0,0.01513
/data/SONICS/echoes/Roundtrip_Oh_Yeah_the_Future_mubert_TTA_001.mp3,0,0,0.01423
/data/SONICS/echoes/Something_Dirty_Ergo_Phizmiz_diffrhythm_TTA_001.mp3,0,0,0.00997
/data/SONICS/echoes/Yoko_live_at_FoEG_Emma_Acs_udio_TTA_002.mp3,0,0,0.01616
/data/SONICS/echoes/Yoko_live_at_FoEG_Emma_Acs_udio_TTA_001.mp3,0,0,0.01467
/data/SONICS/echoes/Running_Free_Michett_featuring_Kalipluche_acestep_TTA_001.mp3,0,0,0.01543
/data/SONICS/echoes/I_Nocturnal_Mayhem_udio_TTA_001.mp3,0,0,0.01758
/data/SONICS/echoes/Where_Is_Everything_The_Moi_Non_Plus_udio_TTA_002.mp3,0,0,0.01086
/data/SONICS/echoes/Slow_and_Steady_Caleb_Lemond_diffrhythm_TTA_001.mp3,0,0,0.01238
/data/SONICS/echoes/mystery_team_2090_Jesse_Futerman_suno_TTA_001.mp3,0,0,0.01385
/data/SONICS/echoes/mc_trabalenguas_Volumina_suno_TTA_002.mp3,0,0,0.01009
/data/SONICS/echoes/I_Nocturnal_Mayhem_suno_TTA_002.mp3,0,0,0.01312
/data/SONICS/echoes/Stuttgart_Portrayal_mubert_TTA_001.mp3,0,0,0.01826
/data/SONICS/echoes/Lackadaisical_Oh_Yeah_the_Future_brev_TTA_001.mp3,0,0,0.014786
/data/SONICS/echoes/Sea_Monster_The_Crypts_producer_TTA_001.mp3,0,0,0.0121
/data/SONICS/echoes/Bergwald_Bergwald_Every_Now_and_Every_Then_stableaudio_TTA_001.mp3,0,0,0.01385
/data/SONICS/echoes/Lights_Up_Pipe_Choir_stableaudio_TTA_001.mp3,0,0,0.01628
/data/SONICS/echoes/We_Misplaced_A_Cobra_In_the_Uninhabitable_Mansions_Uninhabitable_Mansions_diffrhythm_TTA_001.mp3,0,0,0.0139
/data/SONICS/echoes/Coliidae_K.D._Expression_producer_TTA_001.mp3,0,0,0.00986
/data/SONICS/echoes/The_Coldest_Winter_Caleb_Lemond_udio_TTA_002.mp3,0,0,0.012146
/data/SONICS/echoes/Daylight_Savings_My_brother_Daniel_suno_TTA_002.mp3,0,0,0.00952
/data/SONICS/echoes/mystery_team_2090_Jesse_Futerman_udio_TTA_001.mp3,0,0,0.01758
/data/SONICS/echoes/Music_For_an_Underground_Circu_Ergo_Phizmiz_brev_TTA_001.mp3,0,0,0.0161
/data/SONICS/echoes/Forest_Silence_Serpentarivm_diffrhythm_TTA_001.mp3,0,0,0.04895
/data/SONICS/echoes/Realize_Me_Jim_Rooster_suno_TTA_001.mp3,0,0,0.01596
/data/SONICS/echoes/Motocross_Mania_Monroeville_Music_Center_brev_TTA_002.mp3,0,0,0.013535
/data/SONICS/echoes/Jangus_inspired_by_ToeJam_and_Earl_UncleBibby_brev_TTA_002.mp3,0,0,0.011734
/data/SONICS/echoes/You_Are_A_Monster_Monroeville_Music_Center_mubert_TTA_001.mp3,0,0,0.01423
/data/SONICS/echoes/Enthalpy_Rolemusic_diffrhythm_ATA_001.mp3,0,0,0.01578
/data/SONICS/echoes/Time_Is_Love_Silence_is_full_of_birds_udio_TTA_001.mp3,0,0,0.014786
/data/SONICS/echoes/Invaders_From_Within_Monroeville_Music_Center_suno_TTA_002.mp3,0,0,0.01369
/data/SONICS/echoes/On_My_Mind_Ergo_Phizmiz_diffrhythm_ATA_001.mp3,0,0,0.01065
/data/SONICS/echoes/OOOTHERSIDE_-_This_Time_Mike_B._Fort_suno_TTA_001.mp3,0,0,0.01229
/data/SONICS/echoes/some_dextromethorphan_Jeva_diffrhythm_TTA_001.mp3,0,0,0.01169
/data/SONICS/echoes/Noam_Chomskys_Corporate_Carbohydrate_Surprise_Quelle_Fromage_mubert_TTA_001.mp3,0,0,0.0093
/data/SONICS/echoes/The_Coldest_Winter_Caleb_Lemond_udio_TTA_001.mp3,0,0,0.01343
/data/SONICS/echoes/Forest_Silence_Serpentarivm_suno_TTA_002.mp3,0,0,0.01572
/data/SONICS/echoes/The_Contract_The_IMG_diffrhythm_ATA_001.mp3,0,0,0.02898
/data/SONICS/echoes/2_Wasnt_There_Isle_of_Pine_suno_TTA_001.mp3,0,0,0.01257
/data/SONICS/echoes/Digital_Lightning_Cloudkicker_mubert_TTA_001.mp3,0,0,0.03027
/data/SONICS/echoes/gospellioza_Katapulto_producer_TTA_001.mp3,0,0,0.012146
/data/SONICS/echoes/Only_Instrumental_Broke_For_Free_suno_TTA_001.mp3,0,0,0.02611
/data/SONICS/echoes/Polinesia_Malaventura_stableaudio_TTA_001.mp3,0,0,0.01851
/data/SONICS/echoes/Spanish_BEEEYYAAACHHH_Malaventura_suno_TTA_002.mp3,0,0,0.01133
/data/SONICS/echoes/Fuckaboing_RoccoW_suno_TTA_001.mp3,0,0,0.01628
/data/SONICS/echoes/Demolition_Michett_stableaudio_TTA_001.mp3,0,0,0.01622
/data/SONICS/echoes/Endless_The_Birth_and_Death_of_Silence_producer_ATA_001.mp3,0,0,0.014786
/data/SONICS/echoes/First_Glance_Oh_Yeah_the_Future_suno_TTA_001.mp3,0,0,0.02556
/data/SONICS/echoes/Celia_Ergo_Phizmiz_suno_TTA_001.mp3,0,0,0.01248
/data/SONICS/echoes/Lost_Paradise_Autumn_Interlude_udio_TTA_001.mp3,0,0,0.024
/data/SONICS/echoes/Ohtli_Seclorance_suno_TTA_001.mp3,0,0,0.01045
/data/SONICS/echoes/When_I_Was_Taller_Dan_Deacon_brev_TTA_001.mp3,0,0,0.015015
/data/SONICS/echoes/Mosque_Sarin_diffrhythm_TTA_001.mp3,0,0,0.01078
/data/SONICS/echoes/March_of_the_GPA_Mechanics_tghost_producer_TTA_001.mp3,0,0,0.01229
/data/SONICS/echoes/The_Coldest_Winter_Caleb_Lemond_diffrhythm_ATA_001.mp3,0,0,0.01219
/data/SONICS/echoes/Ancient_Whispers_I_P_C_III_acestep_TTA_001.mp3,0,0,0.4146
/data/SONICS/echoes/Morning_Bell_Nihilore_diffrhythm_TTA_001.mp3,0,0,0.04395
/data/SONICS/echoes/Nature_Is_Over_Defined_Bird_Names_udio_TTA_002.mp3,0,0,0.015015
/data/SONICS/echoes/Niche_Dreams_Square_People_diffrhythm_TTA_001.mp3,0,0,0.01267
/data/SONICS/echoes/Windows_of_the_Skull_Sarin_diffrhythm_TTA_001.mp3,0,0,0.0321
/data/SONICS/echoes/Pista_Afuera_Epstein_udio_TTA_002.mp3,0,0,0.0247
/data/SONICS/echoes/I_Think_From_Now_On_Caleb_Lemond_diffrhythm_TTA_001.mp3,0,0,0.02077
/data/SONICS/echoes/Night_Owl_Broke_For_Free_diffrhythm_ATA_001.mp3,0,0,0.01634
/data/SONICS/echoes/Monkeystage_Ergo_Phizmiz_mubert_TTA_001.mp3,0,0,0.01025
/data/SONICS/echoes/Running_Free_Michett_featuring_Kalipluche_stableaudio_TTA_001.mp3,0,0,0.0121
/data/SONICS/echoes/Strongbreeze_Rowan_Box_diffrhythm_TTA_001.mp3,0,0,0.01219
/data/SONICS/echoes/Autopsy_Oh_Yeah_the_Future_suno_TTA_001.mp3,0,0,0.009674
/data/SONICS/echoes/Night_Drive_Decktonic_producer_ATA_001.mp3,0,0,0.013535
/data/SONICS/echoes/Cold_Chains_Rolemusic_suno_TTA_001.mp3,0,0,0.01049
/data/SONICS/echoes/Новый_Нью-Йорк_2_Чокнутый_Пропеллер_udio_TTA_002.mp3,0,0,0.01484
/data/SONICS/echoes/John_the_Baby_Ergo_Phizmiz_udio_TTA_001.mp3,0,0,0.01045
/data/SONICS/echoes/Go_On_Then_Jim_Rooster_udio_TTA_001.mp3,0,0,0.011116
/data/SONICS/echoes/SD_Ill_Mix_H-LR_producer_TTA_001.mp3,0,0,0.01894
/data/SONICS/echoes/I_Think_From_Now_On_Caleb_Lemond_udio_TTA_001.mp3,0,0,0.01385
/data/SONICS/echoes/OST_04_Ship_under_attack_sawsquarenoise_producer_ATA_001.mp3,0,0,0.01133
/data/SONICS/echoes/Paris_Fleslit_udio_TTA_002.mp3,0,0,0.02448
/data/SONICS/echoes/Little_Fingers_Vienna_Ditto_acestep_TTA_001.mp3,0,0,0.01129
/data/SONICS/echoes/One_Eyed_GhostThis_is_gonna_be_a_rough_show_The_Crypts_mubert_TTA_001.mp3,0,0,0.01147
/data/SONICS/echoes/Flashback_Seclorance_producer_TTA_001.mp3,0,0,0.0145
/data/SONICS/echoes/Space_is_my_pace_Malaventura_diffrhythm_ATA_001.mp3,0,0,0.009636
/data/SONICS/echoes/Gila_Monster_FlopMusic_History_LessonThe_Sonics_The_Crypts_mubert_TTA_001.mp3,0,0,0.01086
/data/SONICS/echoes/Norweigian_Wood_II_Bird_Names_suno_TTA_002.mp3,0,0,0.01287
/data/SONICS/echoes/Yoko_live_at_FoEG_Emma_Acs_diffrhythm_TTA_001.mp3,0,0,0.0116
/data/SONICS/echoes/Noam_Chomskys_Corporate_Carbohydrate_Surprise_Quelle_Fromage_brev_TTA_001.mp3,0,0,0.00993
/data/SONICS/echoes/Johnny_I_Lie_The_Moi_Non_Plus_udio_TTA_002.mp3,0,0,0.00997
/data/SONICS/echoes/The_Coldest_Winter_Caleb_Lemond_diffrhythm_TTA_001.mp3,0,0,0.02165
/data/SONICS/echoes/Forest_Silence_Serpentarivm_brev_TTA_001.mp3,0,0,0.01423
/data/SONICS/echoes/I_Can_See_Everything_Mod_Fun_diffrhythm_ATA_001.mp3,0,0,0.01819
/data/SONICS/echoes/Time_Is_Love_Silence_is_full_of_birds_mubert_TTA_001.mp3,0,0,0.01764
/data/SONICS/echoes/Straw_Fields_Rolemusic_acestep_TTA_001.mp3,0,0,0.0232
/data/SONICS/echoes/Mosque_Sarin_stableaudio_TTA_001.mp3,0,0,0.01192
/data/SONICS/echoes/Vanishing_Horizon_Jason_Shaw_suno_TTA_002.mp3,0,0,0.0121
/data/SONICS/echoes/Nose_DUSTdevils_producer_ATA_001.mp3,0,0,0.01484
/data/SONICS/echoes/John_the_Baby_Ergo_Phizmiz_udio_TTA_002.mp3,0,0,0.00838
/data/SONICS/echoes/You_Are_A_Monster_Monroeville_Music_Center_brev_TTA_002.mp3,0,0,0.01219
/data/SONICS/echoes/As_Nihilism_Gives_Way_To_Existentialism_Nihilore_diffrhythm_ATA_001.mp3,0,0,0.01883
/data/SONICS/echoes/Sea_Monster_The_Crypts_producer_ATA_001.mp3,0,0,0.0109
/data/SONICS/echoes/Introduction_beats_Itsensäsyöjät_brev_TTA_001.mp3,0,0,0.01445
/data/SONICS/echoes/Wir_Werden_Gott_Japanische_Kampfhorspiele_udio_TTA_002.mp3,0,0,0.011116
/data/SONICS/echoes/New_Life_take_1_Bird_Names_mubert_TTA_001.mp3,0,0,0.01017
/data/SONICS/echoes/Spanish_BEEEYYAAACHHH_Malaventura_brev_TTA_001.mp3,0,0,0.01116
/data/SONICS/echoes/The_Dawn_The_One_They_Fear_stableaudio_TTA_001.mp3,0,0,0.011505
/data/SONICS/echoes/Kissing_Scars_Caleb_Lemond_suno_TTA_001.mp3,0,0,0.00948
/data/SONICS/echoes/Attention_Pete_Prodoehl_brev_TTA_001.mp3,0,0,0.01976
/data/SONICS/echoes/I_Fell_Mod_Fun_diffrhythm_ATA_001.mp3,0,0,0.01848
/data/SONICS/echoes/Windows_of_the_Skull_Alternate_Version_Sarin_stableaudio_TTA_001.mp3,0,0,0.01554
/data/SONICS/echoes/mystery_team_2090_Jesse_Futerman_producer_ATA_001.mp3,0,0,0.01322
/data/SONICS/echoes/purity_danger_Katapulto_acestep_TTA_001.mp3,0,0,0.01248
/data/SONICS/echoes/I_Can_See_Everything_Mod_Fun_stableaudio_TTA_001.mp3,0,0,0.01348
/data/SONICS/echoes/Dr._Bodysnatcher_Modey_Lemon_diffrhythm_ATA_001.mp3,0,0,0.01129
/data/SONICS/echoes/Colossal_Stillness_Scott_Holmes_producer_ATA_001.mp3,0,0,0.012054
/data/SONICS/echoes/I_Fell_Mod_Fun_brev_TTA_002.mp3,0,0,0.01312
/data/SONICS/echoes/Wir_Werden_Gott_Japanische_Kampfhorspiele_producer_ATA_001.mp3,0,0,0.013275
/data/SONICS/echoes/Lovedreams_Oh_Yeah_the_Future_producer_TTA_001.mp3,0,0,0.00956
/data/SONICS/echoes/Kissing_Scars_Caleb_Lemond_brev_TTA_001.mp3,0,0,0.0139
/data/SONICS/echoes/Laika_NGC_1365_diffrhythm_TTA_001.mp3,0,0,0.01263
/data/SONICS/echoes/A_Different_World_By_Night_Nihilore_diffrhythm_TTA_001.mp3,0,0,0.0532
/data/SONICS/echoes/Roach-Man_Punk_Rock_Opera_mubert_TTA_001.mp3,0,0,0.0109
/data/SONICS/echoes/Liar_Liar_Quietly_Vienna_Ditto_diffrhythm_ATA_001.mp3,0,0,0.0248
/data/SONICS/echoes/Monkeystage_Ergo_Phizmiz_acestep_TTA_001.mp3,0,0,0.01646
/data/SONICS/echoes/Lets_Start_Out_Slow_RoccoW_diffrhythm_TTA_001.mp3,0,0,0.0188
/data/SONICS/echoes/Jangus_inspired_by_ToeJam_and_Earl_UncleBibby_producer_TTA_001.mp3,0,0,0.01021
/data/SONICS/echoes/Ohtli_Seclorance_brev_TTA_001.mp3,0,0,0.01584
/data/SONICS/echoes/Noam_Chomskys_Corporate_Carbohydrate_Surprise_Quelle_Fromage_stableaudio_TTA_001.mp3,0,0,0.009415
/data/SONICS/echoes/1984_Punk_Rock_Opera_diffrhythm_TTA_001.mp3,0,0,0.0386
/data/SONICS/echoes/danse_macabre_Katapulto_suno_TTA_002.mp3,0,0,0.01277
/data/SONICS/echoes/Monkeystage_Ergo_Phizmiz_udio_TTA_002.mp3,0,0,0.01196
/data/SONICS/echoes/Solearesbeats_Malaventura_udio_TTA_001.mp3,0,0,0.01484
/data/SONICS/echoes/Yoko_live_at_FoEG_Emma_Acs_brev_TTA_002.mp3,0,0,0.01116
/data/SONICS/echoes/Colossal_Stillness_Scott_Holmes_brev_TTA_001.mp3,0,0,0.02855
/data/SONICS/echoes/We_Are_Canucks_David_Blair_suno_TTA_001.mp3,0,0,0.00948
/data/SONICS/echoes/Head_of_Ancante_Talking_Tree_Akchamel_The_Giver_of_Illness_stableaudio_TTA_001.mp3,0,0,0.012726
/data/SONICS/echoes/Evil_Cannot_Create_Caleb_Lemond_acestep_TTA_001.mp3,0,0,0.0237
/data/SONICS/echoes/Monkeystage_Ergo_Phizmiz_udio_TTA_001.mp3,0,0,0.00861
/data/SONICS/echoes/New_Life_take_1_Bird_Names_brev_TTA_002.mp3,0,0,0.0156
/data/SONICS/echoes/zero_rhythm_dollar_boy_Katapulto_diffrhythm_ATA_001.mp3,0,0,0.01178
/data/SONICS/echoes/LIQUID_SKULLS_voyageurs_brev_TTA_002.mp3,0,0,0.01219
/data/SONICS/echoes/I_Nocturnal_Mayhem_brev_TTA_002.mp3,0,0,0.02121
/data/SONICS/echoes/Tapes_Gumbel_brev_TTA_001.mp3,0,0,0.0636
/data/SONICS/echoes/Crossing_Los_Llamarada_diffrhythm_TTA_001.mp3,0,0,0.0145
/data/SONICS/echoes/Resistentialism_Nihilore_suno_TTA_002.mp3,0,0,0.01567
/data/SONICS/echoes/Voxel_Andy_G._Cohen_udio_TTA_002.mp3,0,0,0.01243
/data/SONICS/echoes/Dance_Harder_Three_Chain_Links_brev_TTA_001.mp3,0,0,0.01567
/data/SONICS/echoes/Autopsy_Oh_Yeah_the_Future_diffrhythm_TTA_001.mp3,0,0,0.01752
/data/SONICS/echoes/Nose_DUSTdevils_diffrhythm_TTA_001.mp3,0,0,0.0248
/data/SONICS/echoes/OST_04_Ship_under_attack_sawsquarenoise_producer_TTA_001.mp3,0,0,0.01423
/data/SONICS/echoes/Go_On_Then_Jim_Rooster_mubert_TTA_001.mp3,0,0,0.0116
/data/SONICS/echoes/Tapes_Gumbel_producer_TTA_001.mp3,0,0,0.01061
/data/SONICS/echoes/Stuttgart_Portrayal_producer_ATA_001.mp3,0,0,0.01374
/data/SONICS/echoes/A_Lady_In_Red_With_A_Plan_To_Steal_Did_You_Just_Hex_Me_stableaudio_TTA_001.mp3,0,0,0.012726
/data/SONICS/echoes/Voxel_Andy_G._Cohen_diffrhythm_TTA_001.mp3,0,0,0.02356
/data/SONICS/echoes/Infinite_Light_Pipe_Choir_diffrhythm_ATA_001.mp3,0,0,0.0196
/data/SONICS/echoes/The_Dream_and_the_Dreamer_Caleb_Lemond_udio_TTA_002.mp3,0,0,0.011116
/data/SONICS/echoes/Kissing_Scars_Caleb_Lemond_udio_TTA_002.mp3,0,0,0.01317
/data/SONICS/echoes/Roach-Man_Punk_Rock_Opera_suno_TTA_001.mp3,0,0,0.01924
/data/SONICS/echoes/Night_Owl_Broke_For_Free_suno_TTA_001.mp3,0,0,0.01363
/data/SONICS/echoes/November_25_2007_Kenneth_Kirschner_diffrhythm_TTA_001.mp3,0,0,0.02759
/data/SONICS/echoes/First_Glance_Oh_Yeah_the_Future_producer_ATA_001.mp3,0,0,0.01248
/data/SONICS/echoes/Three_Bird_My_brother_Daniel_acestep_TTA_001.mp3,0,0,0.01423
/data/SONICS/echoes/Mettle_Pipe_Choir_stableaudio_TTA_001.mp3,0,0,0.01369
/data/SONICS/echoes/I_Fell_Mod_Fun_acestep_TTA_001.mp3,0,0,0.015366
/data/SONICS/echoes/Empower_Thee_vargero_diffrhythm_TTA_001.mp3,0,0,0.01009
/data/SONICS/echoes/Food_and_War_Ergo_Phizmiz_udio_TTA_002.mp3,0,0,0.01287
/data/SONICS/echoes/When_I_Was_Taller_Dan_Deacon_producer_ATA_001.mp3,0,0,0.01348
/data/SONICS/echoes/Dance_Harder_Three_Chain_Links_stableaudio_TTA_001.mp3,0,0,0.01307
/data/SONICS/echoes/2_Wasnt_There_Isle_of_Pine_producer_ATA_001.mp3,0,0,0.0287
/data/SONICS/echoes/I_Nocturnal_Mayhem_mubert_TTA_001.mp3,0,0,0.01238
/data/SONICS/echoes/5_Lexington_Isle_of_Pine_stableaudio_TTA_001.mp3,0,0,0.01666
/data/SONICS/echoes/The_Race_Forever_Monroeville_Music_Center_brev_TTA_001.mp3,0,0,0.01248
/data/SONICS/echoes/Lost_Paradise_Autumn_Interlude_brev_TTA_002.mp3,0,0,0.01312
/data/SONICS/echoes/danse_macabre_Katapulto_diffrhythm_TTA_001.mp3,0,0,0.01307
/data/SONICS/echoes/Kissing_Scars_Caleb_Lemond_producer_ATA_001.mp3,0,0,0.01187
/data/SONICS/echoes/Formic_Acid_for_Blood_Punk_Rock_Opera_acestep_TTA_001.mp3,0,0,0.01802
/data/SONICS/echoes/Empower_Thee_vargero_udio_TTA_002.mp3,0,0,0.01543
/data/SONICS/echoes/Love_Dream_The_Zombie_Dandies_stableaudio_TTA_001.mp3,0,0,0.014175
/data/SONICS/echoes/The_Pursuit_of_Unintentional_Humor_Oh_Yeah_the_Future_diffrhythm_TTA_001.mp3,0,0,0.01287
/data/SONICS/echoes/The_girl_just_faded_Los_Llamarada_suno_TTA_002.mp3,0,0,0.01525
/data/SONICS/echoes/Four_and_a_Half_Tatami_Nihilore_diffrhythm_ATA_001.mp3,0,0,0.02216
/data/SONICS/echoes/Invaders_From_Within_Monroeville_Music_Center_producer_TTA_001.mp3,0,0,0.008575
/data/SONICS/echoes/Take_Your_Fingers_Michael_Fakesch_diffrhythm_ATA_001.mp3,0,0,0.01883
/data/SONICS/echoes/philcollins_takes_your_hand_Katapulto_udio_TTA_002.mp3,0,0,0.01103
/data/SONICS/echoes/Nature_Is_Over_Defined_Bird_Names_diffrhythm_TTA_002.mp3,0,0,0.01086
/data/SONICS/echoes/OOOTHERSIDE_-_This_Time_Mike_B._Fort_mubert_TTA_001.mp3,0,0,0.01277
/data/SONICS/echoes/Cold_Chains_Rolemusic_stableaudio_TTA_001.mp3,0,0,0.011116
/data/SONICS/echoes/The_Front_Yard_HarleyLikesMusic_suno_TTA_002.mp3,0,0,0.01267
/data/SONICS/echoes/Roland_Garros_2048_Zoliborz_suno_TTA_001.mp3,0,0,0.01065
/data/SONICS/echoes/Transmit_Lamprey_udio_TTA_001.mp3,0,0,0.01987
/data/SONICS/echoes/Noam_Chomskys_Corporate_Carbohydrate_Surprise_Quelle_Fromage_suno_TTA_001.mp3,0,0,0.0116
/data/SONICS/echoes/John_the_Baby_Ergo_Phizmiz_mubert_TTA_001.mp3,0,0,0.014336
/data/SONICS/echoes/Roland_Garros_2048_Zoliborz_brev_TTA_002.mp3,0,0,0.01147
/data/SONICS/echoes/Flashback_Seclorance_suno_TTA_002.mp3,0,0,0.01525
/data/SONICS/echoes/Autopsy_Oh_Yeah_the_Future_suno_TTA_002.mp3,0,0,0.01257
/data/SONICS/echoes/Stranger_Frigg_A_Go_Go_F.A.G.G._udio_TTA_001.mp3,0,0,0.02136
/data/SONICS/echoes/March_of_the_GPA_Mechanics_tghost_udio_TTA_001.mp3,0,0,0.01317
/data/SONICS/echoes/Stuttgart_Portrayal_diffrhythm_TTA_001.mp3,0,0,0.02208
/data/SONICS/echoes/Lackadaisical_Oh_Yeah_the_Future_diffrhythm_ATA_001.mp3,0,0,0.0281
/data/SONICS/echoes/Troubles_Ive_seen_Malaventura_udio_TTA_002.mp3,0,0,0.01374
/data/SONICS/echoes/Polinesia_Malaventura_diffrhythm_TTA_001.mp3,0,0,0.01196
/data/SONICS/echoes/Hungry_Oh_Yeah_the_Future_mubert_TTA_001.mp3,0,0,0.007786
/data/SONICS/echoes/The_Dream_and_the_Dreamer_Caleb_Lemond_diffrhythm_TTA_001.mp3,0,0,0.01572
/data/SONICS/echoes/I_Nocturnal_Mayhem_producer_ATA_001.mp3,0,0,0.01935
/data/SONICS/echoes/kolorowe_wody_Katapulto_suno_TTA_002.mp3,0,0,0.01086
/data/SONICS/echoes/We_Are_Canucks_David_Blair_acestep_TTA_001.mp3,0,0,0.01602
/data/SONICS/echoes/Go_On_Then_Jim_Rooster_acestep_TTA_001.mp3,0,0,0.0164
/data/SONICS/echoes/Gila_Monster_FlopMusic_History_LessonThe_Sonics_The_Crypts_udio_TTA_001.mp3,0,0,0.01164
/data/SONICS/echoes/The_Cave_of_Time_Monroeville_Music_Center_brev_TTA_001.mp3,0,0,0.012054
/data/SONICS/echoes/The_Dream_and_the_Dreamer_Caleb_Lemond_mubert_TTA_001.mp3,0,0,0.03494
/data/SONICS/echoes/2_Wasnt_There_Isle_of_Pine_diffrhythm_TTA_001.mp3,0,0,0.0164
/data/SONICS/echoes/Attention_Pete_Prodoehl_suno_TTA_001.mp3,0,0,0.01277
/data/SONICS/echoes/Realize_Me_Jim_Rooster_producer_TTA_001.mp3,0,0,0.01752
/data/SONICS/echoes/Only_Instrumental_Broke_For_Free_udio_TTA_001.mp3,0,0,0.0184
/data/SONICS/echoes/zero_rhythm_dollar_boy_Katapulto_udio_TTA_001.mp3,0,0,0.01219
/data/SONICS/echoes/Versailles_Pierce_Murphy_stableaudio_TTA_001.mp3,0,0,0.012924
/data/SONICS/echoes/Loved_Ones_Rowan_Box_diffrhythm_TTA_001.mp3,0,0,0.01848
/data/SONICS/echoes/Millitary_Industrial_Complex_Punk_Rock_Opera_diffrhythm_TTA_001.mp3,0,0,0.007317
/data/SONICS/echoes/Coliidae_K.D._Expression_brev_TTA_002.mp3,0,0,0.0188
/data/SONICS/echoes/Burn_Room_For_A_Ghost_stableaudio_TTA_001.mp3,0,0,0.00982
/data/SONICS/echoes/Norweigian_Wood_II_Bird_Names_stableaudio_TTA_001.mp3,0,0,0.0873
/data/SONICS/echoes/Monkeystage_Ergo_Phizmiz_brev_TTA_001.mp3,0,0,0.00881
/data/SONICS/echoes/I_Think_From_Now_On_Caleb_Lemond_producer_TTA_001.mp3,0,0,0.01698
/data/SONICS/echoes/Noam_Chomskys_Corporate_Carbohydrate_Surprise_Quelle_Fromage_diffrhythm_TTA_001.mp3,0,0,0.01816
/data/SONICS/echoes/Head_of_Ancante_Talking_Tree_Akchamel_The_Giver_of_Illness_brev_TTA_002.mp3,0,0,0.01543
/data/SONICS/echoes/Breeze_Funk_Malaventura_mubert_TTA_001.mp3,0,0,0.009674
/data/SONICS/echoes/Crossing_Los_Llamarada_brev_TTA_001.mp3,0,0,0.01107
/data/SONICS/echoes/Fly_2_Andre_Jetson_acestep_TTA_001.mp3,0,0,0.01572
/data/SONICS/echoes/Roach-Man_Punk_Rock_Opera_diffrhythm_TTA_001.mp3,0,0,0.01898
/data/SONICS/echoes/Convicted_Jazz_Drones_Malaventura_diffrhythm_TTA_001.mp3,0,0,0.015366
/data/SONICS/echoes/Nature_Is_Over_Defined_Bird_Names_diffrhythm_ATA_001.mp3,0,0,0.01758
/data/SONICS/echoes/Z-Saber_feat_Jake_Allison_Decktonic_diffrhythm_ATA_001.mp3,0,0,0.0109
/data/SONICS/echoes/Time_Is_Love_Silence_is_full_of_birds_producer_ATA_001.mp3,0,0,0.01147
/data/SONICS/echoes/Who_Loves_You_Dear_Mink_Lungs_diffrhythm_TTA_001.mp3,0,0,0.02182
/data/SONICS/echoes/Forest_Silence_Serpentarivm_producer_ATA_001.mp3,0,0,0.02744
/data/SONICS/echoes/Robot_Heart_Mystery_Mammal_brev_TTA_002.mp3,0,0,0.01473
/data/SONICS/echoes/Nature_Is_Over_Defined_Bird_Names_udio_TTA_001.mp3,0,0,0.01234
/data/SONICS/echoes/On_My_Mind_Ergo_Phizmiz_acestep_TTA_001.mp3,0,0,0.01888
/data/SONICS/echoes/2_Wasnt_There_Isle_of_Pine_diffrhythm_ATA_001.mp3,0,0,0.015076
/data/SONICS/echoes/В_Наших_Сердцах_Чокнутый_Пропеллер_acestep_TTA_001.mp3,0,0,0.01549
/data/SONICS/echoes/Fuckaboing_RoccoW_mubert_TTA_001.mp3,0,0,0.009636
/data/SONICS/echoes/I_Fell_Mod_Fun_mubert_TTA_001.mp3,0,0,0.01602
/data/SONICS/echoes/Where_Is_Everything_The_Moi_Non_Plus_diffrhythm_TTA_001.mp3,0,0,0.012054
/data/SONICS/echoes/Windows_of_the_Skull_Sarin_brev_TTA_002.mp3,0,0,0.01107
/data/SONICS/echoes/Seppuku_Bot_Decktonic_brev_TTA_001.mp3,0,0,0.01164
/data/SONICS/echoes/March_of_the_GPA_Mechanics_tghost_suno_TTA_001.mp3,0,0,0.013275
/data/SONICS/echoes/Johnny_I_Lie_The_Moi_Non_Plus_producer_TTA_001.mp3,0,0,0.011826
/data/SONICS/echoes/Clay_Heart_Nihilore_diffrhythm_ATA_001.mp3,0,0,0.00848
/data/SONICS/echoes/The_Courtyard_Uncle_Bibby_diffrhythm_TTA_001.mp3,0,0,0.01543
/data/SONICS/echoes/zero_rhythm_dollar_boy_Katapulto_brev_TTA_001.mp3,0,0,0.01234
/data/SONICS/echoes/Stuttgart_Portrayal_udio_TTA_001.mp3,0,0,0.01307
/data/SONICS/echoes/Music_For_an_Underground_Circu_Ergo_Phizmiz_producer_TTA_002.mp3,0,0,0.01525
/data/SONICS/echoes/First_Glance_Oh_Yeah_the_Future_diffrhythm_TTA_001.mp3,0,0,0.01103
/data/SONICS/echoes/March_of_the_GPA_Mechanics_tghost_diffrhythm_TTA_001.mp3,0,0,0.01484
/data/SONICS/echoes/zero_rhythm_dollar_boy_Katapulto_suno_TTA_002.mp3,0,0,0.015015
/data/SONICS/echoes/I_Close_My_Eyes_Miss_Derringer_stableaudio_TTA_001.mp3,0,0,0.015366
/data/SONICS/echoes/Ynkelig_Die_Morgendammerung_Des_Valhalla_producer_TTA_001.mp3,0,0,0.01877
/data/SONICS/echoes/OST_04_Ship_under_attack_sawsquarenoise_udio_TTA_002.mp3,0,0,0.01133
/data/SONICS/echoes/Nostalgia_Malaventura_diffrhythm_ATA_001.mp3,0,0,0.00982
/data/SONICS/echoes/Roland_Garros_2048_Zoliborz_stableaudio_TTA_001.mp3,0,0,0.0171
/data/SONICS/echoes/Who_Loves_You_Dear_Mink_Lungs_brev_TTA_002.mp3,0,0,0.011116
/data/SONICS/echoes/Sfogare_Il_Dissenso_Deiezione_HC_suno_TTA_001.mp3,0,0,0.0139
/data/SONICS/echoes/philcollins_takes_your_hand_Katapulto_mubert_TTA_001.mp3,0,0,0.0121
/data/SONICS/echoes/Pista_Afuera_Epstein_diffrhythm_TTA_001.mp3,0,0,0.013794
/data/SONICS/echoes/kolorowe_wody_Katapulto_diffrhythm_TTA_001.mp3,0,0,0.02084
/data/SONICS/echoes/Something_Dirty_Ergo_Phizmiz_producer_TTA_001.mp3,0,0,0.02014
/data/SONICS/echoes/Better_Run_Away_From_Me_Miss_Derringer_diffrhythm_ATA_001.mp3,0,0,0.0922
/data/SONICS/echoes/Take_Your_Fingers_Michael_Fakesch_brev_TTA_002.mp3,0,0,0.01406
/data/SONICS/echoes/March_of_the_GPA_Mechanics_tghost_producer_ATA_001.mp3,0,0,0.01877
/data/SONICS/echoes/philcollins_takes_your_hand_Katapulto_brev_TTA_001.mp3,0,0,0.01049
/data/SONICS/echoes/Lets_the_kids_play_Malaventura_acestep_TTA_001.mp3,0,0,0.0277
/data/SONICS/echoes/Time_Is_Love_Silence_is_full_of_birds_suno_TTA_002.mp3,0,0,0.01322
/data/SONICS/echoes/The_girl_just_faded_Los_Llamarada_diffrhythm_TTA_001.mp3,0,0,0.010056
/data/SONICS/echoes/Apparitions_Under_Glass_Sarin_diffrhythm_ATA_001.mp3,0,0,0.01495
/data/SONICS/echoes/danse_macabre_Katapulto_brev_TTA_002.mp3,0,0,0.01257
/data/SONICS/echoes/Coliidae_K.D._Expression_diffrhythm_ATA_001.mp3,0,0,0.01257
/data/SONICS/echoes/Aquamarine_My_Distant_Blue_Nihilore_brev_TTA_002.mp3,0,0,0.01596
/data/SONICS/echoes/Roundtrip_Oh_Yeah_the_Future_udio_TTA_001.mp3,0,0,0.01219
/data/SONICS/echoes/Roundtrip_Oh_Yeah_the_Future_suno_TTA_001.mp3,0,0,0.01248
/data/SONICS/echoes/Stockholm_Syndrome_People_Should_Be_More_Aware_Bird_Names_suno_TTA_001.mp3,0,0,0.012825
/data/SONICS/echoes/Half_a_Doubt_Droopies_diffrhythm_ATA_001.mp3,0,0,0.0116
/data/SONICS/echoes/Hungry_Oh_Yeah_the_Future_producer_TTA_001.mp3,0,0,0.01033
/data/SONICS/echoes/Support_Me_in_This_Moment_That_Im_About_To_Lose_Heart_Nihilore_diffrhythm_ATA_001.mp3,0,0,0.01277
/data/SONICS/echoes/Empower_Thee_vargero_stableaudio_TTA_001.mp3,0,0,0.0156
/data/SONICS/echoes/Nose_DUSTdevils_suno_TTA_002.mp3,0,0,0.0263
/data/SONICS/echoes/Stuttgart_Portrayal_acestep_TTA_001.mp3,0,0,0.01253
/data/SONICS/echoes/When_I_Was_Taller_Dan_Deacon_brev_TTA_002.mp3,0,0,0.011116
/data/SONICS/echoes/gospellioza_Katapulto_diffrhythm_ATA_001.mp3,0,0,0.01348
/data/SONICS/echoes/Evil_Cannot_Create_Caleb_Lemond_suno_TTA_001.mp3,0,0,0.01401
/data/SONICS/echoes/Production_Bird_Names_diffrhythm_ATA_001.mp3,0,0,0.01999
/data/SONICS/echoes/We_Move_in_Waves_Modey_Lemon_suno_TTA_002.mp3,0,0,0.01772
/data/SONICS/echoes/Lets_the_kids_play_Malaventura_diffrhythm_TTA_002.mp3,0,0,0.01363
/data/SONICS/echoes/philcollins_takes_your_hand_Katapulto_brev_TTA_002.mp3,0,0,0.0171
/data/SONICS/echoes/Hungry_Oh_Yeah_the_Future_diffrhythm_ATA_001.mp3,0,0,0.01406
/data/SONICS/echoes/The_Contract_The_IMG_mubert_TTA_001.mp3,0,0,0.01037
/data/SONICS/echoes/Colossal_Stillness_Scott_Holmes_acestep_TTA_001.mp3,0,0,0.05582
/data/SONICS/echoes/Spanish_BEEEYYAAACHHH_Malaventura_suno_TTA_001.mp3,0,0,0.01253
/data/SONICS/echoes/Roundtrip_Oh_Yeah_the_Future_diffrhythm_ATA_001.mp3,0,0,0.01473
/data/SONICS/echoes/Ugh_Humans_Can_Join_Mystery_Mammal_diffrhythm_ATA_001.mp3,0,0,0.015076
/data/SONICS/echoes/The_Courtyard_Uncle_Bibby_producer_TTA_001.mp3,0,0,0.011116
/data/SONICS/echoes/I_Dream_So_Vividly_Uninhabitable_Mansions_acestep_TTA_001.mp3,0,0,0.02328
/data/SONICS/echoes/danse_macabre_Katapulto_mubert_TTA_001.mp3,0,0,0.01025
/data/SONICS/echoes/Troubles_Ive_seen_Malaventura_mubert_TTA_001.mp3,0,0,0.0156
/data/SONICS/echoes/Flashback_Seclorance_suno_TTA_001.mp3,0,0,0.01428
/data/SONICS/echoes/The_Queen_Malaventura_acestep_TTA_001.mp3,0,0,0.01401
/data/SONICS/echoes/Terve_Teille_Чокнутый_Пропеллер_mubert_TTA_001.mp3,0,0,0.01041
/data/SONICS/echoes/Autopsy_Oh_Yeah_the_Future_brev_TTA_001.mp3,0,0,0.01678
/data/SONICS/echoes/Shadow_Government_Bird_Names_diffrhythm_ATA_001.mp3,0,0,0.02338
/data/SONICS/echoes/Unexpected_Little_Happenings_UltraCat_diffrhythm_TTA_001.mp3,0,0,0.02017
/data/SONICS/echoes/Roach-Man_Punk_Rock_Opera_brev_TTA_001.mp3,0,0,0.01103
/data/SONICS/echoes/purity_danger_Katapulto_diffrhythm_ATA_001.mp3,0,0,0.02998
/data/SONICS/echoes/I_Fell_Mod_Fun_producer_ATA_001.mp3,0,0,0.0156
/data/SONICS/echoes/The_Contract_The_IMG_udio_TTA_002.mp3,0,0,0.01099
/data/SONICS/echoes/Breeze_Funk_Malaventura_udio_TTA_001.mp3,0,0,0.00892
/data/SONICS/echoes/Nose_DUSTdevils_diffrhythm_ATA_001.mp3,0,0,0.01991
/data/SONICS/echoes/Head_of_Ancante_Talking_Tree_Akchamel_The_Giver_of_Illness_diffrhythm_TTA_001.mp3,0,0,0.02007
/data/SONICS/echoes/Track_04_Lightning_Bolt_acestep_TTA_001.mp3,0,0,0.01602
/data/SONICS/echoes/Busby_Berkeley_Ergo_Phizmiz_producer_ATA_001.mp3,0,0,0.0107
/data/SONICS/echoes/CopperNickle_UncleBibby_mubert_TTA_001.mp3,0,0,0.01187
/data/SONICS/echoes/It_Cant_Be_Bargained_With_Three_Chain_Links_diffrhythm_TTA_001.mp3,0,0,0.01543
/data/SONICS/echoes/Empower_Thee_vargero_mubert_TTA_001.mp3,0,0,0.01238
/data/SONICS/echoes/Attention_Pete_Prodoehl_diffrhythm_TTA_001.mp3,0,0,0.1621
/data/SONICS/echoes/Busby_Berkeley_Ergo_Phizmiz_udio_TTA_001.mp3,0,0,0.01263
/data/SONICS/echoes/Kumorizoranohajimarutokoro_Hosomi_diffrhythm_TTA_001.mp3,0,0,0.01439
/data/SONICS/echoes/Roundtrip_Oh_Yeah_the_Future_diffrhythm_TTA_001.mp3,0,0,0.02461
/data/SONICS/echoes/Terve_Teille_Чокнутый_Пропеллер_diffrhythm_TTA_001.mp3,0,0,0.013275
/data/SONICS/echoes/Support_Me_in_This_Moment_That_Im_About_To_Lose_Heart_Nihilore_acestep_TTA_001.mp3,0,0,0.02562
/data/SONICS/echoes/Take_Your_Fingers_Michael_Fakesch_mubert_TTA_001.mp3,0,0,0.009125
/data/SONICS/echoes/mystery_team_2090_Jesse_Futerman_udio_TTA_002.mp3,0,0,0.02347
/data/SONICS/echoes/Nose_DUSTdevils_suno_TTA_001.mp3,0,0,0.01554
/data/SONICS/echoes/Stranger_Frigg_A_Go_Go_F.A.G.G._suno_TTA_002.mp3,0,0,0.02246
/data/SONICS/echoes/The_Cave_of_Time_Monroeville_Music_Center_brev_TTA_002.mp3,0,0,0.03897
/data/SONICS/echoes/Lackadaisical_Oh_Yeah_the_Future_diffrhythm_TTA_001.mp3,0,0,0.01302
/data/SONICS/echoes/Solearesbeats_Malaventura_mubert_TTA_001.mp3,0,0,0.00909
/data/SONICS/echoes/I_Dream_So_Vividly_Uninhabitable_Mansions_brev_TTA_001.mp3,0,0,0.01045
/data/SONICS/echoes/10000_People_Chanting_Im_an_Individual_Nihilore_diffrhythm_TTA_001.mp3,0,0,0.01164
/data/SONICS/echoes/I_Think_From_Now_On_Caleb_Lemond_producer_ATA_001.mp3,0,0,0.01025
/data/SONICS/echoes/Spanish_BEEEYYAAACHHH_Malaventura_udio_TTA_001.mp3,0,0,0.00934
/data/SONICS/echoes/Paris_Fleslit_producer_TTA_001.mp3,0,0,0.01082
/data/SONICS/echoes/gospellioza_Katapulto_udio_TTA_002.mp3,0,0,0.015366
/data/SONICS/echoes/Sfogare_Il_Dissenso_Deiezione_HC_brev_TTA_002.mp3,0,0,0.01307
/data/SONICS/echoes/The_Race_Forever_Monroeville_Music_Center_producer_ATA_001.mp3,0,0,0.01192
/data/SONICS/echoes/Norweigian_Wood_II_Bird_Names_mubert_TTA_001.mp3,0,0,0.0149
/data/SONICS/echoes/mystery_team_2090_Jesse_Futerman_brev_TTA_001.mp3,0,0,0.04794
/data/SONICS/echoes/Spanish_BEEEYYAAACHHH_Malaventura_producer_ATA_001.mp3,0,0,0.01057
/data/SONICS/echoes/Vanishing_Horizon_Jason_Shaw_stableaudio_TTA_001.mp3,0,0,0.01646
/data/SONICS/echoes/I_Fell_Mod_Fun_udio_TTA_001.mp3,0,0,0.008446
/data/SONICS/echoes/I_Nocturnal_Mayhem_diffrhythm_TTA_001.mp3,0,0,0.02303
/data/SONICS/echoes/One_Eyed_GhostThis_is_gonna_be_a_rough_show_The_Crypts_brev_TTA_002.mp3,0,0,0.01103
/data/SONICS/echoes/Dance_Harder_Three_Chain_Links_mubert_TTA_001.mp3,0,0,0.01238
/data/SONICS/echoes/I_Dream_So_Vividly_Uninhabitable_Mansions_stableaudio_TTA_001.mp3,0,0,0.0265
/data/SONICS/echoes/Rolling_On_Avaren_diffrhythm_ATA_001.mp3,0,0,0.01263
/data/SONICS/echoes/Scramby_Eggs_Andy_G._Cohen_brev_TTA_001.mp3,0,0,0.015015
/data/SONICS/echoes/Im_gonna_try_to_reach_Los_Llamarada_diffrhythm_TTA_001.mp3,0,0,0.012825
/data/SONICS/echoes/Outro_Caleb_Lemond_diffrhythm_ATA_001.mp3,0,0,0.015305
/data/SONICS/echoes/The_Cave_of_Time_Monroeville_Music_Center_udio_TTA_001.mp3,0,0,0.00982
/data/SONICS/echoes/Mettle_Pipe_Choir_suno_TTA_001.mp3,0,0,0.0265
/data/SONICS/echoes/Pista_Afuera_Epstein_suno_TTA_002.mp3,0,0,0.01567
/data/SONICS/echoes/Robot_Heart_Mystery_Mammal_producer_ATA_001.mp3,0,0,0.009636
/data/SONICS/echoes/Roland_Garros_2048_Zoliborz_brev_TTA_001.mp3,0,0,0.01219
/data/SONICS/echoes/Sea_Monster_The_Crypts_mubert_TTA_001.mp3,0,0,0.01297
/data/SONICS/echoes/We_Misplaced_A_Cobra_In_the_Uninhabitable_Mansions_Uninhabitable_Mansions_diffrhythm_ATA_001.mp3,0,0,0.011375
/data/SONICS/echoes/Sfogare_Il_Dissenso_Deiezione_HC_udio_TTA_001.mp3,0,0,0.02484
/data/SONICS/echoes/Stranger_Frigg_A_Go_Go_F.A.G.G._udio_TTA_002.mp3,0,0,0.013374
/data/SONICS/echoes/Redlight_Room_For_A_Ghost_diffrhythm_TTA_001.mp3,0,0,0.0222
/data/SONICS/echoes/philcollins_takes_your_hand_Katapulto_producer_TTA_001.mp3,0,0,0.01201
/data/SONICS/echoes/purity_danger_Katapulto_stableaudio_TTA_002.mp3,0,0,0.00916
/data/SONICS/echoes/Stockholm_Syndrome_People_Should_Be_More_Aware_Bird_Names_diffrhythm_TTA_002.mp3,0,0,0.0093
/data/SONICS/echoes/My_Body_Is_A_Weapon_Compromise_Edit_Silence_is_full_of_birds_acestep_TTA_001.mp3,0,0,0.01307
/data/SONICS/echoes/Johnny_I_Lie_The_Moi_Non_Plus_mubert_TTA_001.mp3,0,0,0.00952
/data/SONICS/echoes/Something_Dirty_Ergo_Phizmiz_brev_TTA_001.mp3,0,0,0.01525
/data/SONICS/echoes/The_Dream_and_the_Dreamer_Caleb_Lemond_stableaudio_TTA_001.mp3,0,0,0.011734
/data/SONICS/echoes/Tapes_Gumbel_suno_TTA_001.mp3,0,0,0.01178
/data/SONICS/echoes/OOOTHERSIDE_-_Liquid_Paper_Mike_B._Fort_brev_TTA_001.mp3,0,0,0.01953
/data/SONICS/echoes/Nature_Is_Over_Defined_Bird_Names_brev_TTA_002.mp3,0,0,0.01253
/data/SONICS/echoes/Fridge_Railkid_Station_diffrhythm_ATA_001.mp3,0,0,0.01646
/data/SONICS/echoes/Strongbreeze_Rowan_Box_diffrhythm_ATA_001.mp3,0,0,0.02165
/data/SONICS/echoes/The_Boss_Multifaros_diffrhythm_TTA_001.mp3,0,0,0.02037
/data/SONICS/echoes/Time_Up_ENDRUDARK_diffrhythm_TTA_001.mp3,0,0,0.01406
/data/SONICS/echoes/Ancient_Whispers_I_P_C_III_diffrhythm_TTA_001.mp3,0,0,0.01385
/data/SONICS/echoes/Motocross_Mania_Monroeville_Music_Center_producer_TTA_001.mp3,0,0,0.008644
/data/SONICS/echoes/Gila_Monster_FlopMusic_History_LessonThe_Sonics_The_Crypts_suno_TTA_001.mp3,0,0,0.01307
/data/SONICS/echoes/Lady_Love_Parsley_Flakes_diffrhythm_TTA_001.mp3,0,0,0.01263
/data/SONICS/echoes/Scramby_Eggs_Andy_G._Cohen_producer_ATA_001.mp3,0,0,0.01348
/data/SONICS/echoes/The_girl_just_faded_Los_Llamarada_brev_TTA_001.mp3,0,0,0.7197
/data/SONICS/echoes/Music_For_an_Underground_Circu_Ergo_Phizmiz_acestep_TTA_001.mp3,0,0,0.0188
/data/SONICS/echoes/Cassie_Lace_The_Zombie_Dandies_diffrhythm_TTA_001.mp3,0,0,0.01037
/data/SONICS/echoes/Electric_Girlfriend_The_Zombie_Dandies_acestep_TTA_001.mp3,0,0,0.0592
/data/SONICS/echoes/Leaving_Here_Mod_Fun_diffrhythm_ATA_001.mp3,0,0,0.03354
/data/SONICS/echoes/Empower_Thee_vargero_brev_TTA_002.mp3,0,0,0.011116
/data/SONICS/echoes/mc_trabalenguas_Volumina_brev_TTA_001.mp3,0,0,0.00993
/data/SONICS/echoes/Mountain_Mist_Modey_Lemon_brev_TTA_002.mp3,0,0,0.0193
/data/SONICS/echoes/Scramby_Eggs_Andy_G._Cohen_producer_TTA_001.mp3,0,0,0.01634
/data/SONICS/echoes/March_of_the_GPA_Mechanics_tghost_suno_TTA_002.mp3,0,0,0.007065
/data/SONICS/echoes/Snakefirewalking_Los_Llamarada_brev_TTA_001.mp3,0,0,0.01799
/data/SONICS/echoes/The_plot_Malaventura_brev_TTA_002.mp3,0,0,0.013794
/data/SONICS/echoes/Yoko_live_at_FoEG_Emma_Acs_stableaudio_TTA_001.mp3,0,0,0.01445
/data/SONICS/echoes/KISS_my_Boots_The_Zombie_Dandies_stableaudio_TTA_001.mp3,0,0,0.0164
/data/SONICS/echoes/The_Big_House_Jason_Shaw_suno_TTA_001.mp3,0,0,0.01178
/data/SONICS/echoes/Food_and_War_Ergo_Phizmiz_diffrhythm_ATA_001.mp3,0,0,0.008125
/data/SONICS/echoes/John_the_Baby_Ergo_Phizmiz_acestep_TTA_001.mp3,0,0,0.01543
/data/SONICS/echoes/The_Reality_Machine_Monroeville_Music_Center_diffrhythm_TTA_001.mp3,0,0,0.01257
/data/SONICS/echoes/Busby_Berkeley_Ergo_Phizmiz_suno_TTA_001.mp3,0,0,0.00934
/data/SONICS/echoes/gospellioza_Katapulto_acestep_TTA_001.mp3,0,0,0.01927
/data/SONICS/echoes/Who_Loves_You_Dear_Mink_Lungs_producer_TTA_001.mp3,0,0,0.01078
/data/SONICS/echoes/The_Courtyard_Uncle_Bibby_brev_TTA_001.mp3,0,0,0.10706
/data/SONICS/echoes/Edge_Mystery_Mammal_brev_TTA_002.mp3,0,0,0.011246
/data/SONICS/echoes/Empty_Pockets_Pete_Prodoehl_udio_TTA_001.mp3,0,0,0.01238
/data/SONICS/echoes/TTL_Twin_Heads_diffrhythm_ATA_001.mp3,0,0,0.05664
/data/SONICS/echoes/El_Burrito_Malaventura_stableaudio_TTA_001.mp3,0,0,0.011826
/data/SONICS/echoes/Sfogare_Il_Dissenso_Deiezione_HC_diffrhythm_TTA_001.mp3,0,0,0.01971
/data/SONICS/echoes/November_25_2007_Kenneth_Kirschner_brev_TTA_001.mp3,0,0,0.03235
/data/SONICS/echoes/Sea_Monster_The_Crypts_diffrhythm_TTA_001.mp3,0,0,0.01584
/data/SONICS/echoes/We_Are_Canucks_David_Blair_diffrhythm_ATA_001.mp3,0,0,0.01238
/data/SONICS/echoes/Nose_DUSTdevils_stableaudio_TTA_001.mp3,0,0,0.01133
/data/SONICS/echoes/Resistentialism_Nihilore_udio_TTA_002.mp3,0,0,0.015015
/data/SONICS/echoes/Ad_Astra_P_C_III_acestep_TTA_001.mp3,0,0,0.0301
/data/SONICS/echoes/When_I_Was_Taller_Dan_Deacon_stableaudio_TTA_001.mp3,0,0,0.01045
/data/SONICS/echoes/Nuo_Maisemat_Paavoharju_udio_TTA_001.mp3,0,0,0.014786
/data/SONICS/echoes/Fleslit_Fleslit_acestep_TTA_001.mp3,0,0,0.02162
/data/SONICS/echoes/Edge_Mystery_Mammal_diffrhythm_ATA_001.mp3,0,0,0.013374
/data/SONICS/echoes/Invaders_From_Within_Monroeville_Music_Center_udio_TTA_002.mp3,0,0,0.01287
/data/SONICS/echoes/Johnny_I_Lie_The_Moi_Non_Plus_brev_TTA_001.mp3,0,0,0.01369
/data/SONICS/echoes/New_Life_take_1_Bird_Names_brev_TTA_001.mp3,0,0,0.01843
/data/SONICS/echoes/Lets_the_kids_play_Malaventura_diffrhythm_ATA_001.mp3,0,0,0.01428
/data/SONICS/echoes/Daylight_Savings_My_brother_Daniel_udio_TTA_002.mp3,0,0,0.00909
/data/SONICS/echoes/Motocross_Mania_Monroeville_Music_Center_diffrhythm_ATA_001.mp3,0,0,0.00822
/data/SONICS/echoes/Only_Instrumental_Broke_For_Free_producer_TTA_001.mp3,0,0,0.9707
/data/SONICS/echoes/Evil_Cannot_Create_Caleb_Lemond_udio_TTA_002.mp3,0,0,0.01169
/data/SONICS/echoes/KOMFORT_voyageurs_udio_TTA_001.mp3,0,0,0.0107
/data/SONICS/echoes/Monkeystage_Ergo_Phizmiz_diffrhythm_TTA_001.mp3,0,0,0.02396
/data/SONICS/echoes/Ugly_Vienna_Ditto_diffrhythm_TTA_001.mp3,0,0,0.014786
/data/SONICS/echoes/Busby_Berkeley_Ergo_Phizmiz_suno_TTA_002.mp3,0,0,0.012924
/data/SONICS/echoes/Better_Run_Away_From_Me_Miss_Derringer_diffrhythm_TTA_001.mp3,0,0,0.015305
/data/SONICS/echoes/Snakefirewalking_Los_Llamarada_suno_TTA_002.mp3,0,0,0.0116
/data/SONICS/echoes/I_Think_From_Now_On_Caleb_Lemond_suno_TTA_002.mp3,0,0,0.01428
/data/SONICS/echoes/Sea_Monster_The_Crypts_suno_TTA_002.mp3,0,0,0.01238
/data/SONICS/echoes/Noam_Chomskys_Corporate_Carbohydrate_Surprise_Quelle_Fromage_udio_TTA_001.mp3,0,0,0.01312
/data/SONICS/echoes/Motocross_Mania_Monroeville_Music_Center_stableaudio_TTA_001.mp3,0,0,0.00948
/data/SONICS/echoes/Solearesbeats_Malaventura_brev_TTA_001.mp3,0,0,0.0112
/data/SONICS/echoes/Troubles_Ive_seen_Malaventura_brev_TTA_002.mp3,0,0,0.0145
/data/SONICS/echoes/purity_danger_Katapulto_diffrhythm_TTA_001.mp3,0,0,0.01513
/data/SONICS/echoes/5_Lexington_Isle_of_Pine_diffrhythm_TTA_001.mp3,0,0,0.00938
/data/SONICS/echoes/Jangus_inspired_by_ToeJam_and_Earl_UncleBibby_suno_TTA_001.mp3,0,0,0.0112
/data/SONICS/echoes/Scramby_Eggs_Andy_G._Cohen_acestep_TTA_001.mp3,0,0,0.01348
/data/SONICS/echoes/Robocall_Legally_Blind_suno_TTA_001.mp3,0,0,0.011826
/data/SONICS/echoes/Yoko_live_at_FoEG_Emma_Acs_brev_TTA_001.mp3,0,0,0.011246
/data/SONICS/echoes/Resistentialism_Nihilore_stableaudio_TTA_001.mp3,0,0,0.013794
/data/SONICS/echoes/We_Move_in_Waves_Modey_Lemon_brev_TTA_001.mp3,0,0,0.013374
/data/SONICS/echoes/Cold_Chains_Rolemusic_diffrhythm_TTA_001.mp3,0,0,0.01423
/data/SONICS/echoes/When_I_Was_Taller_Dan_Deacon_producer_TTA_001.mp3,0,0,0.01178
/data/SONICS/echoes/Hammer_and_a_Nail_Vienna_Ditto_udio_TTA_002.mp3,0,0,0.013794
/data/SONICS/echoes/Pista_Afuera_Epstein_brev_TTA_001.mp3,0,0,0.0156
/data/SONICS/echoes/mc_trabalenguas_Volumina_diffrhythm_TTA_001.mp3,0,0,0.0121
/data/SONICS/echoes/When_Will_We_Ever_Learn_Ontayso_diffrhythm_ATA_001.mp3,0,0,0.01979
/data/SONICS/echoes/I_Dream_So_Vividly_Uninhabitable_Mansions_producer_ATA_001.mp3,0,0,0.01317
/data/SONICS/echoes/Sfogare_Il_Dissenso_Deiezione_HC_suno_TTA_002.mp3,0,0,0.01234
/data/SONICS/echoes/One_Eyed_GhostThis_is_gonna_be_a_rough_show_The_Crypts_udio_TTA_002.mp3,0,0,0.03436
/data/SONICS/echoes/The_plot_Malaventura_producer_ATA_001.mp3,0,0,0.01359
/data/SONICS/echoes/Gila_Monster_FlopMusic_History_LessonThe_Sonics_The_Crypts_stableaudio_TTA_001.mp3,0,0,0.01525
/data/SONICS/echoes/Burn_Room_For_A_Ghost_diffrhythm_TTA_001.mp3,0,0,0.01953
/data/SONICS/echoes/The_Courtyard_Uncle_Bibby_udio_TTA_001.mp3,0,0,0.01248
/data/SONICS/echoes/Mettle_Pipe_Choir_udio_TTA_002.mp3,0,0,0.01495
/data/SONICS/echoes/We_Move_in_Waves_Modey_Lemon_producer_TTA_001.mp3,0,0,0.014114
/data/SONICS/echoes/New_Life_take_1_Bird_Names_mubert_TTA_002.mp3,0,0,0.01219
/data/SONICS/echoes/First_Glance_Oh_Yeah_the_Future_suno_TTA_002.mp3,0,0,0.012924
/data/SONICS/echoes/Introduction_beats_Itsensäsyöjät_stableaudio_TTA_001.mp3,0,0,0.01834
/data/SONICS/echoes/2_Wasnt_There_Isle_of_Pine_stableaudio_TTA_001.mp3,0,0,0.01462
/data/SONICS/echoes/Eyes_Getting_Louder_Mod_Fun_stableaudio_TTA_001.mp3,0,0,0.01363
/data/SONICS/echoes/OOOTHERSIDE_-_Liquid_Paper_Mike_B._Fort_brev_TTA_002.mp3,0,0,0.0121
/data/SONICS/echoes/March_of_the_GPA_Mechanics_tghost_mubert_TTA_001.mp3,0,0,0.00993
/data/SONICS/echoes/OST_04_Ship_under_attack_sawsquarenoise_suno_TTA_001.mp3,0,0,0.01224
/data/SONICS/echoes/Seppuku_Bot_Decktonic_udio_TTA_002.mp3,0,0,0.012054
/data/SONICS/echoes/Jangus_inspired_by_ToeJam_and_Earl_UncleBibby_diffrhythm_ATA_001.mp3,0,0,0.008255
/data/SONICS/echoes/Stuttgart_Portrayal_diffrhythm_ATA_001.mp3,0,0,0.02571
/data/SONICS/echoes/Attention_Pete_Prodoehl_udio_TTA_002.mp3,0,0,0.01369
/data/SONICS/echoes/Ynkelig_Die_Morgendammerung_Des_Valhalla_suno_TTA_002.mp3,0,0,0.01253
/data/SONICS/echoes/Scramby_Eggs_Andy_G._Cohen_diffrhythm_TTA_001.mp3,0,0,0.03928
/data/SONICS/echoes/Daylight_Savings_My_brother_Daniel_mubert_TTA_001.mp3,0,0,0.00881
/data/SONICS/echoes/Okiirobo_Navigation_System_Henry_Homesweet_stableaudio_TTA_001.mp3,0,0,0.01572
/data/SONICS/echoes/First_Glance_Oh_Yeah_the_Future_brev_TTA_001.mp3,0,0,0.01238
/data/SONICS/echoes/Z-Saber_feat_Jake_Allison_Decktonic_diffrhythm_ATA_003.mp3,0,0,0.008286
/data/SONICS/echoes/Stockholm_Syndrome_People_Should_Be_More_Aware_Bird_Names_acestep_TTA_001.mp3,0,0,0.015366
/data/SONICS/echoes/Night_Drive_Decktonic_brev_TTA_002.mp3,0,0,0.01224
/data/SONICS/echoes/Noam_Chomskys_Corporate_Carbohydrate_Surprise_Quelle_Fromage_udio_TTA_002.mp3,0,0,0.01622
/data/SONICS/echoes/Paris_Fleslit_udio_TTA_001.mp3,0,0,0.00923
/data/SONICS/echoes/Lackadaisical_Oh_Yeah_the_Future_udio_TTA_001.mp3,0,0,0.01243
